0,-4.42099431171343e-16
0.0024999999999995,-4.55611192664268e-16
0.00500000000000078,2.81110230855698e-09
0.00750000000000028,2.16812821218589e-08
0.00999999999999979,7.82068786466592e-08
0.0125000000000011,2.03034799623292e-07
0.0150000000000006,4.35436575423307e-07
0.0175000000000001,8.22861583137159e-07
0.0199999999999996,1.42049924209605e-06
0.0225000000000009,2.29085523933454e-06
0.0250000000000004,3.50334135671887e-06
0.0274999999999999,5.13387848703604e-06
0.0300000000000011,7.26451244245235e-06
0.0325000000000006,9.9830421744066e-06
0.0350000000000001,1.33826600390879e-05
0.0374999999999996,1.75616037571245e-05
0.0400000000000009,2.26228197788035e-05
0.0425000000000004,2.86736377946785e-05
0.0449999999999999,3.58254558376154e-05
0.0474999999999994,4.41934358511503e-05
0.0500000000000007,5.38962093764547e-05
0.0525000000000002,6.50555930945444e-05
0.0549999999999997,7.77963139555193e-05
0.057500000000001,9.22457436358492e-05
0.0600000000000005,0.000108533642073606
0.0625,0.00012679190984001
0.0649999999999995,0.000147154349113622
0.0675000000000008,0.000169756433031069
0.0700000000000003,0.00019473508319523
0.0724999999999998,0.00022222845512855
0.0750000000000011,0.000252375731465417
0.0775000000000006,0.000285316922683502
0.0800000000000001,0.000321192675179588
0.0824999999999996,0.000360144086500714
0.0850000000000009,0.000402312527546505
0.0875000000000004,0.000447839471563313
0.0899999999999999,0.000496866329755317
0.0925000000000011,0.000549534293342049
0.0950000000000006,0.000605984181895872
0.0975000000000001,0.000666356297796877
0.0999999999999996,0.000730790286646388
0.102500000000001,0.000799425003483819
0.105,0.000872398384655104
0.1075,0.00094984732518417
0.109999999999999,0.00103190756150215
0.112500000000001,0.00111871355939209
0.115,0.00121039840700984
0.1175,0.00130709371284479
0.120000000000001,0.00140892950848684
0.1225,0.00151603415606873
0.125,0.00162853426025557
0.1275,0.00174655458465591
0.130000000000001,0.00187021797253138
0.1325,0.00199964527168429
0.135,0.00213495526340499
0.137500000000001,0.00227626459536346
0.140000000000001,0.00242368771833153
0.1425,0.00257733682662493
0.145,0.00273732180215616
0.147500000000001,0.0029037501619919
0.15,0.00307672700931053
0.1525,0.00325635498765768
0.155000000000001,0.0034427342384
0.157500000000001,0.00363596236127912
0.16,0.00383613437797028
0.1625,0.00404334269855203
0.165000000000001,0.00425767709079522
0.1675,0.00447922465218198
0.17,0.00470806978456702
0.172499999999999,0.0049442941713957
0.175000000000001,0.00518797675739526
0.1775,0.00543919373065757
0.18,0.00569801850703349
0.182500000000001,0.00596452171676103
0.185,0.00623877119325118
0.1875,0.00652083196395717
0.19,0.00681076624325469
0.192500000000001,0.0071086334272624
0.195,0.00741449009053369
0.1975,0.00772838998455264
0.200000000000001,0.00805038403796836
0.202500000000001,0.0083805203585041
0.205,0.00871884423647862
0.2075,0.00906539814862552
0.210000000000001,0.00942022176059088
0.2125,0.00978335193110698
0.215,0.0101548227175055
0.217500000000001,0.0105346653827428
0.220000000000001,0.0109229084038969
0.2225,0.0113195774820807
0.225,0.0117246955537145
0.227500000000001,0.0121382828031036
0.23,0.0125603566762676
0.2325,0.0129909318959687
0.234999999999999,0.0134300204778906
0.237500000000001,0.0138776317479165
0.24,0.0143337723604613
0.2425,0.0147984463178087
0.245000000000001,0.0152716549904114
0.2475,0.0157533971381081
0.25,0.016243668932217
0.2525,0.0167424639784628
0.255000000000001,0.0172497733406987
0.2575,0.0177655855653839
0.26,0.0182898867067792
0.262500000000001,0.0188226603528238
0.265000000000001,0.0193638876516589
0.2675,0.0199135473387623
0.27,0.0204716157646623
0.272500000000001,0.0210380669231977
0.275,0.0216128724802925
0.2775,0.0221960018032156
0.280000000000001,0.0227874219902963
0.282500000000001,0.0233870979010663
0.285,0.0239949921868018
0.2875,0.024611065321438
0.290000000000001,0.0252352756328315
0.2925,0.0258675793343442
0.295,0.0265079305567263
0.297499999999999,0.0271562813802738
0.300000000000001,0.027812581867238
0.3025,0.0284767800944666
0.305,0.0291488221862535
0.307500000000001,0.0298286523473788
0.31,0.0305162128963175
0.3125,0.0312114442985998
0.315,0.0319142852003038
0.317500000000001,0.0326246724616624
0.32,0.0333425411907693
0.3225,0.034067824777365
0.325000000000001,0.0348004549266901
0.327500000000001,0.0355403616933879
0.33,0.036287473515443
0.3325,0.0370417172481424
0.335000000000001,0.0378030181980439
0.3375,0.0385713001569398
0.34,0.0393464854358035
0.342500000000001,0.0401284948987059
0.345000000000001,0.0409172479966912
0.3475,0.0417126628016002
0.35,0.0425146560398304
0.352500000000001,0.0433231431260231
0.355,0.0441380381966676
0.3575,0.044959254143612
0.359999999999999,0.0457867026474737
0.362500000000001,0.0466202942109385
0.365,0.0474599381919418
0.3675,0.0483055428367235
0.370000000000001,0.0491570153127486
0.3725,0.0500142617414865
0.375,0.0508771872310426
0.3775,0.0517456959086349
0.380000000000001,0.05261969095291
0.3825,0.0534990746260916
0.385,0.0543837483059567
0.387500000000001,0.055273612517634
0.390000000000001,0.0561685669652191
0.3925,0.0570685105632011
0.395,0.0579733414676973
0.397500000000001,0.0588829571074908
0.4,0.0597972542148663
0.4025,0.0607161288562416
0.405000000000001,0.06163947646259
0.407500000000001,0.0625671918596507
0.41,0.0634991692979232
0.4125,0.0644353024824436
0.415000000000001,0.0653754846023391
0.4175,0.0663196083601587
0.42,0.0672675660009765
0.422500000000001,0.0682192493412667
0.425000000000001,0.0691745497975464
0.4275,0.0701333584147857
0.43,0.0710955658945821
0.432500000000001,0.0720610626230981
0.435,0.0730297386987599
0.4375,0.0740014839597162
0.44,0.0749761880110547
0.442500000000001,0.0759537402517766
0.445,0.0769340299015266
0.4475,0.077916946027078
0.450000000000001,0.0789023775685718
0.452500000000001,0.0798902133655087
0.455,0.0808803421824942
0.4575,0.0818726527347342
0.460000000000001,0.0828670337132836
0.4625,0.0838633738100434
0.465,0.0848615617425096
0.467500000000001,0.0858614862782716
0.470000000000001,0.0868630362592593
0.4725,0.0878661006257407
0.475,0.0888705684400677
0.477500000000001,0.0898763289101716
0.48,0.0908832714128066
0.4825,0.0918912855165433
0.485000000000001,0.0929002610045098
0.487500000000001,0.0939100878968831
0.49,0.0949206564731282
0.4925,0.095931857293987
0.495000000000001,0.0969435812232168
0.4975,0.0979557194490772
0.5,0.0989681635055675
0.5025,0.0999808052934136
0.505000000000001,0.100993537100805
0.5075,0.102006251623883
0.51,0.103018841986976
0.512500000000001,0.104031201762593
0.515000000000001,0.10504322499116
0.5175,0.106054806200511
0.52,0.107065840425135
0.522500000000001,0.108076223225168
0.525,0.109085850705145
0.5275,0.110094619532494
0.530000000000001,0.111102426955796
0.532500000000001,0.11210917082279
0.535,0.113114749598132
0.5375,0.114119062380913
0.540000000000001,0.115122008921924
0.5425,0.116123489640683
0.545,0.117123405642213
0.547500000000001,0.118121658733572
0.550000000000001,0.119118151440149
0.5525,0.120112787021701
0.555,0.121105469488161
0.557500000000001,0.122096103615188
0.56,0.123084594959486
0.5625,0.124070849873871
0.565,0.125054775522097
0.567500000000001,0.126036279893445
0.57,0.127015271817055
0.5725,0.127991660976033
0.575000000000001,0.128965357921302
0.577500000000001,0.129936274085219
0.58,0.13090432179494
0.5825,0.131869414285558
0.585000000000001,0.132831465712983
0.5875,0.133790391166589
0.59,0.134746106681618
0.592500000000001,0.135698529251344
0.595000000000001,0.136647576838988
0.5975,0.137593168389396
0.6,0.138535223840482
0.602500000000001,0.139473664134413
0.605,0.140408411228569
0.6075,0.141339388106251
0.610000000000001,0.142266518787148
0.612500000000001,0.143189728337569
0.615,0.144108942880426
0.6175,0.145024089604976
0.620000000000001,0.145935096776324
0.6225,0.146841893744683
0.625,0.14774441095439
0.6275,0.148642579952682
0.630000000000001,0.149536333398226
0.6325,0.150425605069411
0.635,0.151310329872396
0.637500000000001,0.152190443848914
0.640000000000001,0.153065884183833
0.6425,0.153936589212478
0.645,0.154802498427702
0.647500000000001,0.155663552486725
0.65,0.156519693217719
0.6525,0.157370863626156
0.655000000000001,0.158217007900912
0.657500000000001,0.159058071420122
0.66,0.159894000756803
0.6625,0.160724743684216
0.665000000000001,0.161550249181003
0.6675,0.162370467436063
0.67,0.163185349853198
0.672500000000001,0.163994849055504
0.675000000000001,0.164798918889525
0.6775,0.165597514429158
0.68,0.166390591979319
0.682500000000001,0.167178109079356
0.685,0.167960024506227
0.6875,0.168736298277428
0.69,0.16950689165368
0.692500000000001,0.170271767141366
0.695,0.17103088849473
0.6975,0.171784220717828
0.700000000000001,0.172531730066236
0.702500000000001,0.173273384048514
0.705,0.174009151427424
0.7075,0.174739002220908
0.710000000000001,0.175462907702816
0.7125,0.176180840403398
0.715,0.176892774109547
0.717500000000001,0.177598683864801
0.720000000000001,0.1782985459691
0.7225,0.178992337978304
0.725,0.179680038703463
0.727500000000001,0.18036162820985
0.73,0.181037087815749
0.7325,0.181706400091005
0.735000000000001,0.182369548855327
0.737500000000001,0.183026519176354
0.74,0.183677297367485
0.7425,0.184321870985457
0.745000000000001,0.1849602288277
0.7475,0.185592360929437
0.75,0.186218258560558
0.7525,0.186837914222251
0.755000000000001,0.187451321643393
0.7575,0.188058475776716
0.76,0.188659372794721
0.762500000000001,0.189254010085374
0.765000000000001,0.189842386247553
0.7675,0.190424501086273
0.77,0.191000355607671
0.772500000000001,0.191569952013765
0.775,0.192133293696976
0.7775,0.192690385234427
0.780000000000001,0.193241232382008
0.782500000000001,0.193785842068216
0.785,0.194324222387766
0.7875,0.194856382594978
0.790000000000001,0.195382333096941
0.7925,0.19590208544645
0.795,0.196415652334722
0.797500000000001,0.196923047583896
0.800000000000001,0.197424286139304
0.8025,0.197919384061531
0.805,0.19840835851826
0.807500000000001,0.198891227775891
0.81,0.19936801119096
0.8125,0.199838729201333
0.815,0.200303403317199
0.817500000000001,0.200762056111845
0.82,0.201214711212233
0.8225,0.201661393289363
0.825000000000001,0.202102128048434
0.827500000000001,0.202536942218804
0.83,0.202965863543753
0.8325,0.203388920770037
0.835000000000001,0.203806143637253
0.8375,0.204217562867011
0.84,0.204623210151907
0.842500000000001,0.205023118144309
0.845000000000001,0.205417320444951
0.8475,0.205805851591347
0.85,0.206188747046016
0.852500000000001,0.206566043184522
0.855,0.206937777283344
0.8575,0.207303987507557
0.860000000000001,0.207664712898349
0.862500000000001,0.208019993360356
0.865,0.208369869648835
0.8675,0.208714383356662
0.870000000000001,0.209053576901172
0.8725,0.209387493510836
0.875,0.209716177211768
0.8775,0.210039672814093
0.880000000000001,0.210358025898145
0.8825,0.210671282800523
0.885,0.210979490599996
0.887500000000001,0.211282697103263
0.890000000000001,0.211580950830567
0.8925,0.211874301001179
0.895,0.212162797518734
0.897500000000001,0.212446490956444
0.9,0.212725432542173
0.9025,0.212999674143392
0.905000000000001,0.213269268252007
0.907500000000001,0.213534267969066
0.91,0.213794726989353
0.9125,0.214050699585862
0.915000000000001,0.214302240594172
0.9175,0.214549405396705
0.92,0.214792249906883
0.922500000000001,0.215030830553195
0.925000000000001,0.215265204263155
0.9275,0.215495428447176
0.93,0.215721560982357
0.932500000000001,0.21594366019618
0.935,0.21616178485013
0.9375,0.216375994123238
0.94,0.216586347595548
0.942500000000001,0.216792905231522
0.945,0.216995727363371
0.9475,0.217194874674332
0.950000000000001,0.217390408181884
0.952500000000001,0.217582389220915
0.955,0.217770879426835
0.9575,0.217955940718647
0.960000000000001,0.21813763528198
0.9625,0.218316025552081
0.965,0.218491174196778
0.967500000000001,0.218663144099414
0.970000000000001,0.21883199834176
0.9725,0.218997800186901
0.975,0.219160613062122
0.977500000000001,0.219320500541762
0.98,0.219477526330086
0.9825,0.219631754244137
0.985000000000001,0.219783248196596
0.987500000000001,0.219932072178655
0.99,0.220078290242895
0.9925,0.220221966486178
0.995000000000001,0.220363165032617
0.9975,0.220501950016647
1,0.220638385565878
1.0025,0.220772535784014
1.005,0.220904464733915
1.0075,0.221034236420676
1.01,0.221161914774767
1.0125,0.221287563635215
1.015,0.221411246732854
1.0175,0.221533027673627
1.02,0.221652969921958
1.0225,0.221771136784196
1.025,0.221887591392128
1.0275,0.22200239668658
1.03,0.222115615401094
1.0325,0.222227310045696
1.035,0.22233754289076
1.0375,0.222446375950966
1.04,0.22255387096936
1.0425,0.22266008940152
1.045,0.222765092399838
1.0475,0.222868940797908
1.05,0.222971695095039
1.0525,0.223073415440893
1.055,0.223174161620247
1.0575,0.223273993037888
1.06,0.22337296870365
1.0625,0.223471147217583
1.065,0.223568586755271
1.0675,0.223665345053303
1.07,0.223761479394894
1.0725,0.223857046595655
1.075,0.223952102989542
1.0775,0.224046704414954
1.08,0.224140906201007
1.0825,0.22423476315398
1.085,0.224328329543942
1.0875,0.224421659091548
1.09,0.224514804955034
1.0925,0.224607819717389
1.095,0.224700755373722
1.0975,0.224793663318825
1.1,0.224886594334935
1.1025,0.224979598579698
1.105,0.225072725574331
1.1075,0.225166024192007
1.11,0.22525954264644
1.1125,0.225353328480688
1.115,0.22544742855618
1.1175,0.225541889041953
1.12,0.225636755404128
1.1225,0.225732072395596
1.125,0.22582788404595
1.1275,0.225924233651642
1.13,0.226021163766372
1.1325,0.226118716191724
1.135,0.226216931968034
1.1375,0.226315851365509
1.14,0.226415513875584
1.1425,0.226515958202531
1.145,0.226617222255319
1.1475,0.226719343139721
1.15,0.22682235715068
1.1525,0.226926299764931
1.155,0.227031205633877
1.1575,0.227137108576728
1.16,0.227244041573901
1.1625,0.227352036760688
1.165,0.227461125421175
1.1675,0.227571337982445
1.17,0.227682704009038
1.1725,0.227795252197677
1.175,0.227909010372281
1.1775,0.228024005479226
1.18,0.228140263582899
1.1825,0.228257809861514
1.185,0.228376668603206
1.1875,0.228496863202399
1.19,0.228618416156455
1.1925,0.228741349062587
1.195,0.228865682615066
1.1975,0.228991436602692
1.2,0.22911862990655
1.2025,0.229247280498039
1.205,0.229377405437189
1.2075,0.229509020871243
1.21,0.229642142033529
1.2125,0.229776783242604
1.215,0.229912957901683
1.2175,0.230050678498336
1.22,0.230189956604472
1.2225,0.230330802876599
1.225,0.230473227056356
1.2275,0.230617237971327
1.23,0.230762843536127
1.2325,0.230910050753767
1.235,0.231058865717288
1.2375,0.231209293611676
1.24,0.231361338716041
1.2425,0.231515004406073
1.245,0.231670293156767
1.2475,0.231827206545415
1.25,0.231985745254872
1.2525,0.232145909077078
1.255,0.232307696916855
1.2575,0.232471106795964
1.26,0.232636135857419
1.2625,0.232802780370072
1.265,0.232971035733444
1.2675,0.23314089648282
1.27,0.233312356294602
1.2725,0.233485407991903
1.275,0.233660043550403
1.2775,0.233836254104449
1.28,0.234014029953401
1.2825,0.234193360568223
1.285,0.234374234598313
1.2875,0.234556639878582
1.29,0.234740563436754
1.2925,0.234925991500916
1.295,0.235112909507289
1.2975,0.235301302108235
1.3,0.235491153180483
1.3025,0.235682445833588
1.305,0.235875162418602
1.3075,0.236069284536969
1.31,0.236264793049629
1.3125,0.236461668086336
1.315,0.236659889055191
1.3175,0.236859434652367
1.32,0.237060282872049
1.3225,0.237262411016562
1.325,0.237465795706708
1.3275,0.237670412892277
1.33,0.237876237862763
1.3325,0.238083245258256
1.335,0.238291409080518
1.3375,0.238500702704236
1.34,0.23871109888845
1.3425,0.238922569788151
1.345,0.239135086966046
1.3475,0.239348621404485
1.35,0.239563143517544
1.3525,0.239778623163273
1.355,0.23999502965608
1.3575,0.240212331779276
1.36,0.240430497797751
1.3625,0.2406494954708
1.365,0.240869292065074
1.3675,0.241089854367666
1.37,0.241311148699322
1.3725,0.241533140927776
1.375,0.241755796481199
1.3775,0.241979080361761
1.38,0.242202957159307
1.3825,0.242427391065134
1.385,0.242652345885864
1.3875,0.24287778505742
1.39,0.243103671659087
1.3925,0.243329968427663
1.395,0.24355663777169
1.3975,0.243783641785763
1.4,0.24401094226491
1.4025,0.244238500719042
1.405,0.244466278387468
1.4075,0.244694236253462
1.41,0.24492233505889
1.4125,0.245150535318879
1.415,0.245378797336528
1.4175,0.245607081217688
1.42,0.245835346885765
1.4225,0.246063554096523
1.425,0.246291662452942
1.4275,0.24651963142008
1.43,0.246747420339964
1.4325,0.246974988446486
1.435,0.247202294880305
1.4375,0.247429298703751
1.44,0.24765595891573
1.4425,0.247882234466615
1.445,0.248108084273127
1.4475,0.248333467233198
1.45,0.248558342240813
1.4525,0.24878266820082
1.455,0.249006404043717
1.4575,0.249229508740389
1.46,0.249451941316818
1.4625,0.249673660868737
1.465,0.249894626576235
1.4675,0.250114797718311
1.47,0.250334133687361
1.4725,0.250552594003608
1.475,0.250770138329451
1.4775,0.250986726483754
1.48,0.251202318456045
1.4825,0.251416874420626
1.485,0.251630354750603
1.4875,0.251842720031807
1.49,0.252053931076627
1.4925,0.252263948937728
1.495,0.252472734921675
1.4975,0.252680250602427
1.5,0.25288645783473
1.5025,0.253091318767383
1.505,0.253294795856376
1.5075,0.253496851877907
1.51,0.253697449941264
1.5125,0.253896553501565
1.515,0.254094126372366
1.5175,0.25429013273812
1.52,0.254484537166488
1.5225,0.254677304620504
1.525,0.254868400470577
1.5275,0.255057790506338
1.53,0.255245440948328
1.5325,0.255431318459512
1.535,0.25561539015663
1.5375,0.255797623621376
1.54,0.255977986911395
1.5425,0.256156448571105
1.545,0.256332977642337
1.5475,0.256507543674786
1.55,0.256680116736275
1.5525,0.25685066742283
1.555,0.257019166868553
1.5575,0.257185586755306
1.56,0.257349899322187
1.5625,0.257512077374809
1.565,0.257672094294367
1.5675,0.257829924046504
1.57,0.257985541189956
1.5725,0.258138920884994
1.575,0.258290038901642
1.5775,0.258438871627682
1.58,0.258585396076437
1.5825,0.258729589894326
1.585,0.258871431368207
1.5875,0.259010899432477
1.59,0.25914797367596
1.5925,0.259282634348547
1.595,0.259414862367623
1.5975,0.259544639324241
1.6,0.259671947489074
1.6025,0.259796769818126
1.605,0.259919089958197
1.6075,0.260038892252123
1.61,0.26015616174376
1.6125,0.260270884182731
1.615,0.260383046028936
1.6175,0.260492634456803
1.62,0.260599637359309
1.6225,0.260704043351739
1.625,0.260805841775213
1.6275,0.260905022699949
1.63,0.261001576928292
1.6325,0.261095495997484
1.635,0.261186772182186
1.6375,0.26127539849675
1.64,0.261361368697247
1.6425,0.261444677283228
1.645,0.261525319499254
1.6475,0.261603291336157
1.65,0.261678589532064
1.6525,0.26175121157316
1.655,0.261821155694202
1.6575,0.26188842087879
1.66,0.261953006859379
1.6625,0.262014914117041
1.665,0.262074143880983
1.6675,0.262130698127815
1.67,0.262184579580566
1.6725,0.262235791707453
1.675,0.262284338720409
1.6775,0.262330225573358
1.68,0.262373457960247
1.6825,0.262414042312838
1.685,0.262451985798252
1.6875,0.262487296316271
1.69,0.262519982496408
1.6925,0.262550053694725
1.695,0.262577519990423
1.6975,0.262602392182195
1.7,0.262624681784334
1.7025,0.262644401022625
1.705,0.262661562829989
1.7075,0.262676180841908
1.71,0.262688269391617
1.7125,0.262697843505071
1.715,0.26270491889569
1.7175,0.262709511958877
1.72,0.262711639766325
1.7225,0.262711320060093
1.725,0.262708571246479
1.7275,0.262703412389672
1.73,0.262695863205199
1.7325,0.262685944053156
1.735,0.262673675931236
1.7375,0.262659080467561
1.74,0.2626421799133
1.7425,0.262622997135099
1.745,0.2626015556073
1.7475,0.262577879403924
1.75,0.262551993190424
1.7525,0.262523922215461
1.755,0.26249369230247
1.7575,0.262461329840933
1.76,0.262426861777489
1.7625,0.262390315606878
1.765,0.262351719362707
1.7675,0.262311101608055
1.77,0.262268491425913
1.7725,0.262223918409455
1.775,0.262177412652159
1.7775,0.262129004737764
1.78,0.262078725730089
1.7825,0.262026607162685
1.785,0.261972681028362
1.7875,0.261916979768558
1.79,0.261859536262585
1.7925,0.261800383816732
1.795,0.261739556153241
1.7975,0.261677087399158
1.8,0.261613012075059
1.8025,0.261547365083663
1.805,0.261480181698322
1.8075,0.261411497551409
1.81,0.261341348622592
1.8125,0.261269771227013
1.815,0.261196802003359
1.8175,0.261122477901847
1.82,0.261046836172112
1.8225,0.260969914351014
1.825,0.260891750250357
1.8275,0.260812381944536
1.83,0.260731847758101
1.8325,0.260650186253263
1.835,0.260567436217324
1.8375,0.260483636650051
1.84,0.260398826750991
1.8425,0.260313045906734
1.845,0.260226333678129
1.8475,0.260138729787449
1.85,0.260050274105525
1.8525,0.25996100663884
1.855,0.259870967516591
1.8575,0.259780196977723
1.86,0.259688735357945
1.8625,0.259596623076727
1.865,0.259503900624275
1.8675,0.259410608548509
1.87,0.259316787442026
1.8725,0.259222477929067
1.875,0.259127720652487
1.8775,0.25903255626073
1.88,0.258937025394822
1.8825,0.258841168675373
1.885,0.258745026689607
1.8875,0.258648639978415
1.89,0.258552049023435
1.8925,0.258455294234169
1.895,0.258358415935134
1.8975,0.258261454353066
1.9,0.258164449604156
1.9025,0.258067441681345
1.905,0.257970470441679
1.9075,0.257873575593711
1.91,0.257776796684975
1.9125,0.257680173089528
1.915,0.257583743995561
1.9175,0.257487548393083
1.92,0.257391625061693
1.9225,0.257296012558429
1.925,0.25720074920571
1.9275,0.257105873079361
1.93,0.257011421996748
1.9325,0.256917433504998
1.935,0.256823944869336
1.9375,0.256730993061517
1.94,0.256638614748377
1.9425,0.256546846280499
1.945,0.25645572368099
1.9475,0.256365282634393
1.95,0.25627555847571
1.9525,0.256186586179568
1.955,0.256098400349506
1.9575,0.256011035207408
1.96,0.255924524583068
1.9625,0.255838901903906
1.965,0.25575420018482
1.9675,0.255670452018198
1.97,0.255587689564075
1.9725,0.25550594454045
1.975,0.25542524821376
1.9775,0.255345631389517
1.98,0.255267124403109
1.9825,0.255189757110769
1.985,0.255113558880713
1.9875,0.255038558584455
1.99,0.254964784588294
1.9925,0.254892264744983
1.995,0.254821026385573
1.9975,0.254751096311449
2,0.254682500786549
2.0025,0.254615265529764
2.005,0.254549415707541
2.0075,0.254484975926672
2.01,0.254421970227275
2.0125,0.254360422075983
2.015,0.254300354359318
2.0175,0.254241789377278
2.02,0.254184748837122
2.0225,0.254129253847357
2.025,0.254075324911938
2.0275,0.254022981924672
2.03,0.253972244163832
2.0325,0.25392313028698
2.035,0.253875658326011
2.0375,0.2538298456824
2.04,0.25378570912267
2.0425,0.253743264774081
2.045,0.253702528120524
2.0475,0.253663513998647
2.05,0.253626236594192
2.0525,0.253590709438555
2.055,0.253556945405569
2.0575,0.253524956708508
2.06,0.253494754897311
2.0625,0.253466350856035
2.065,0.253439754800524
2.0675,0.253414976276314
2.07,0.253392024156749
2.0725,0.253370906641331
2.075,0.253351631254296
2.0775,0.253334204843407
2.08,0.25331863357898
2.0825,0.253304922953137
2.085,0.253293077779271
2.0875,0.253283102191757
2.09,0.253274999645867
2.0925,0.253268772917926
2.095,0.253264424105681
2.0975,0.253261954628901
2.1,0.253261365230197
2.1025,0.253262655976065
2.105,0.25326582625815
2.1075,0.253270874794739
2.11,0.253277799632459
2.1125,0.253286598148211
2.115,0.253297267051314
2.1175,0.253309802385865
2.12,0.253324199533325
2.1225,0.253340453215306
2.125,0.253358557496589
2.1275,0.25337850578834
2.13,0.253400290851546
2.1325,0.253423904800852
2.135,0.253449339108396
2.1375,0.253476584607581
2.14,0.253505631497436
2.1425,0.253536469347091
2.145,0.253569087100442
2.1475,0.253603473081026
2.15,0.253639614997087
2.1525,0.253677499946846
2.155,0.253717114423959
2.1575,0.253758444323168
2.16,0.253801474946149
2.1625,0.253846191007536
2.165,0.253892576641142
2.1675,0.253940615406358
2.17,0.253990290294732
2.1725,0.254041583736732
2.175,0.254094477608679
2.1775,0.254148953239858
2.18,0.254204991419796
2.1825,0.254262572405717
2.185,0.254321675930152
2.1875,0.254382281208717
2.19,0.254444366948057
2.1925,0.254507911353935
2.195,0.254572892139488
2.1975,0.254639286533628
2.2,0.254707071289591
2.2025,0.254776222693637
2.205,0.254846716573888
2.2075,0.254918528309308
2.21,0.254991632838819
2.2125,0.255066004670549
2.215,0.255141617891212
2.2175,0.255218446175612
2.22,0.255296462796276
2.2225,0.255375640633201
2.225,0.25545595218372
2.2275,0.255537369572483
2.23,0.255619864561546
2.2325,0.255703408560567
2.235,0.255787972637105
2.2375,0.255873527527019
2.24,0.255960043644962
2.2425,0.256047491094966
2.245,0.256135839681119
2.2475,0.256225058918324
2.25,0.256315118043142
2.2525,0.256405986024706
2.255,0.256497631575719
2.2575,0.256590023163515
2.26,0.256683129021187
2.2625,0.25677691715878
2.265,0.256871355374538
2.2675,0.256966411266216
2.27,0.25706205224243
2.2725,0.257158245534061
2.275,0.257254958205706
2.2775,0.257352157167162
2.28,0.257449809184946
2.2825,0.257547880893852
2.285,0.25764633880853
2.2875,0.257745149335094
2.29,0.257844278782742
2.2925,0.257943693375405
2.295,0.258043359263395
2.2975,0.258143242535067
2.3,0.258243309228488
2.3025,0.2583435253431
2.305,0.258443856851387
2.3075,0.258544269710524
2.31,0.258644729874029
2.3125,0.258745203303387
2.315,0.258845655979657
2.3175,0.258946053915068
2.32,0.259046363164568
2.3225,0.25914654983736
2.325,0.259246580108396
2.3275,0.25934642022983
2.33,0.259446036542433
2.3325,0.259545395486962
2.335,0.259644463615478
2.3375,0.259743207602609
2.34,0.259841594256758
2.3425,0.25993959053125
2.345,0.260037163535413
2.3475,0.260134280545592
2.35,0.26023090901609
2.3525,0.260327016590032
2.355,0.260422571110158
2.3575,0.26051754062952
2.36,0.260611893422105
2.3625,0.260705597993361
2.365,0.260798623090634
2.3675,0.260890937713507
2.37,0.260982511124038
2.3725,0.261073312856899
2.375,0.261163312729402
2.3775,0.261252480851422
2.38,0.261340787635204
2.3825,0.261428203805053
2.385,0.261514700406908
2.3875,0.261600248817791
2.39,0.261684820755131
2.3925,0.261768388285964
2.395,0.261850923835993
2.3975,0.261932400198526
2.4,0.262012790543266
2.4025,0.262092068424969
2.405,0.262170207791953
2.4075,0.262247182994473
2.41,0.262322968792933
2.4125,0.262397540365962
2.415,0.26247087331833
2.4175,0.262542943688709
2.42,0.262613727957279
2.4225,0.262683203053173
2.425,0.262751346361761
2.4275,0.262818135731764
2.43,0.262883549482213
2.4325,0.262947566409227
2.435,0.263010165792626
2.4375,0.263071327402377
2.44,0.263131031504851
2.4425,0.263189258868919
2.445,0.263245990771861
2.4475,0.263301209005096
2.45,0.263354895879733
2.4525,0.263407034231938
2.455,0.263457607428114
2.4575,0.263506599369899
2.46,0.263553994498973
2.4625,0.263599777801677
2.465,0.263643934813444
2.4675,0.263686451623033
2.47,0.263727314876579
2.4725,0.263766511781443
2.475,0.263804030109868
2.4775,0.263839858202443
2.48,0.263873984971368
2.4825,0.263906399903521
2.485,0.263937093063329
2.4875,0.263966055095444
2.49,0.263993277227209
2.4925,0.264018751270936
2.495,0.26404246962598
2.4975,0.264064425280608
2.5,0.264084611813674
2.5025,0.264103023396086
2.505,0.264119654792083
2.5075,0.264134501360295
2.51,0.264147559054614
2.5125,0.264158824424859
2.515,0.26416829461724
2.5175,0.264175967374621
2.52,0.264181841036582
2.5225,0.264185914539278
2.525,0.264188187415103
2.5275,0.26418865979215
2.53,0.264187332393472
2.5325,0.264184206536145
2.535,0.264179284130131
2.5375,0.264172567676946
2.54,0.26416406026813
2.5425,0.26415376558352
2.545,0.264141687889328
2.5475,0.264127832036025
2.55,0.264112203456034
2.5525,0.264094808161225
2.555,0.264075652740224
2.5575,0.264054744355531
2.56,0.264032090740446
2.5625,0.264007700195815
2.565,0.263981581586579
2.5675,0.263953744338146
2.57,0.263924198432582
2.5725,0.263892954404609
2.575,0.263860023337597
2.5775,0.263825416858947
2.58,0.263789147135729
2.5825,0.263751226869902
2.585,0.263711669293438
2.5875,0.263670488163269
2.59,0.26362769775607
2.5925,0.263583312862871
2.595,0.263537348783506
2.5975,0.263489821320896
2.6,0.263440746775171
2.6025,0.263390141937638
2.605,0.263338024084584
2.6075,0.263284410970928
2.61,0.263229320823724
2.6125,0.263172772335509
2.615,0.263114784657507
2.6175,0.263055377392682
2.62,0.262994570588659
2.6225,0.262932384730492
2.625,0.262868840733307
2.6275,0.262803959934802
2.63,0.262737764087613
2.6325,0.262670275351561
2.635,0.262601516285764
2.6375,0.262531509840624
2.64,0.262460279349699
2.6425,0.26238784852145
2.645,0.262314241430882
2.6475,0.262239482511061
2.65,0.262163596544529
2.6525,0.262086608654613
2.655,0.262008544296625
2.6575,0.261929429248968
2.66,0.26184928960414
2.6625,0.261768151759645
2.665,0.261686042408817
2.6675,0.261602988531547
2.67,0.261519017384937
2.6725,0.261434156493865
2.675,0.261348433641469
2.6775,0.26126187685957
2.68,0.261174514419003
2.6825,0.261086374819902
2.685,0.260997486781901
2.6875,0.260907879234285
2.69,0.260817581306078
2.6925,0.26072662231608
2.695,0.260635031762845
2.6975,0.260542839314623
2.7,0.260450074799245
2.7025,0.260356768193975
2.705,0.260262949615322
2.7075,0.260168649308817
2.71,0.26007389763876
2.7125,0.259978725077941
2.715,0.259883162197334
2.7175,0.259787239655777
2.72,0.259690988189625
2.7225,0.259594438602401
2.725,0.259497621754431
2.7275,0.259400568552471
2.73,0.259303309939341
2.7325,0.259205876883542
2.735,0.259108300368901
2.7375,0.259010611384199
2.74,0.258912840912831
2.7425,0.258815019922467
2.745,0.258717179354736
2.7475,0.258619350114934
2.75,0.258521563061751
2.7525,0.258423848997035
2.755,0.258326238655576
2.7575,0.258228762694938
2.76,0.258131451685322
2.7625,0.258034336099472
2.765,0.257937446302629
2.7675,0.257840812542534
2.77,0.257744464939477
2.7725,0.257648433476411
2.775,0.257552747989114
2.7775,0.257457438156423
2.78,0.257362533490526
2.7825,0.257268063327325
2.785,0.257174056816867
2.7875,0.257080542913859
2.79,0.256987550368248
2.7925,0.256895107715893
2.795,0.256803243269311
2.7975,0.25671198510852
2.8,0.25662136107196
2.8025,0.25653139874752
2.805,0.256442125463651
2.8075,0.256353568280581
2.81,0.256265753981628
2.8125,0.256178709064626
2.815,0.256092459733447
2.8175,0.256007031889642
2.82,0.255922451124186
2.8225,0.255838742709347
2.825,0.255755931590664
2.8275,0.255674042379049
2.83,0.255593099343015
2.8325,0.255513126401024
2.835,0.255434147113964
2.8375,0.255356184677754
2.84,0.25527926191609
2.8425,0.255203401273312
2.845,0.255128624807419
2.8475,0.255054954183216
2.85,0.254982410665607
2.8525,0.254911015113027
2.855,0.254840787971019
2.8575,0.254771749265964
2.86,0.254703918598954
2.8625,0.254637315139816
2.865,0.25457195762129
2.8675,0.254507864333365
2.87,0.254445053117765
2.8725,0.254383541362595
2.875,0.254323345997147
2.8775,0.254264483486867
2.88,0.254206969828483
2.8825,0.254150820545299
2.885,0.254096050682649
2.8875,0.254042674803523
2.89,0.253990706984358
2.8925,0.253940160810998
2.895,0.253891049374823
2.8975,0.25384338526905
2.9,0.253797180585205
2.9025,0.25375244690977
2.905,0.253709195321002
2.9075,0.253667436385925
2.91,0.253627180157498
2.9125,0.253588436171965
2.915,0.253551213446372
2.9175,0.253515520476265
2.92,0.253481365233573
2.9225,0.253448755164654
2.925,0.253417697188535
2.9275,0.253388197695321
2.93,0.253360262544787
2.9325,0.253333897065149
2.935,0.253309106052014
2.9375,0.253285893767509
2.94,0.253264263939595
2.9425,0.253244219761549
2.945,0.253225763891639
2.9475,0.253208898452969
2.95,0.253193625033509
2.9525,0.253179944686299
2.955,0.253167857929836
2.9575,0.253157364748636
2.96,0.253148464593975
2.9625,0.253141156384811
2.965,0.253135438508873
2.9675,0.253131308823938
2.97,0.253128764659275
2.9725,0.253127802817268
2.975,0.25312841957521
2.9775,0.253130610687273
2.98,0.253134371386649
2.9825,0.253139696387862
2.985,0.253146579889249
2.9875,0.253155015575613
2.99,0.253164996621044
2.9925,0.253176515691903
2.995,0.253189564949977
2.9975,0.253204136055791
3,0.253220220172096
3.0025,0.2532378079675
3.005,0.253256889620266
3.0075,0.253277454822278
3.01,0.253299492783167
3.0125,0.25332299223458
3.015,0.253347941434608
3.0175,0.253374328172368
3.02,0.253402139772735
3.0225,0.253431363101218
3.025,0.253461984568987
3.0275,0.253493990138047
3.03,0.253527365326552
3.0325,0.25356209521426
3.035,0.253598164448132
3.0375,0.253635557248061
3.04,0.253674257412742
3.0425,0.253714248325674
3.045,0.253755512961291
3.0475,0.253798033891222
3.05,0.253841793290681
3.0525,0.253886772944975
3.055,0.253932954256138
3.0575,0.253980318249687
3.06,0.254028845581486
3.0625,0.254078516544733
3.065,0.25412931107706
3.0675,0.25418120876773
3.07,0.254234188864961
3.0725,0.254288230283334
3.075,0.254343311611319
3.0775,0.25439941111889
3.08,0.254456506765245
3.0825,0.254514576206608
3.085,0.254573596804137
3.0875,0.254633545631908
3.09,0.254694399484994
3.0925,0.254756134887618
3.095,0.254818728101393
3.0975,0.254882155133637
3.1,0.254946391745762
3.1025,0.255011413461732
3.105,0.255077195576597
3.1075,0.255143713165084
3.11,0.255210941090253
3.1125,0.25527885401222
3.115,0.255347426396922
3.1175,0.255416632524951
3.12,0.255486446500431
3.1225,0.25555684225994
3.125,0.255627793581481
3.1275,0.255699274093497
3.13,0.255771257283916
3.1325,0.255843716509242
3.135,0.255916625003665
3.1375,0.255989955888215
3.14,0.256063682179929
3.1425,0.256137776801051
3.145,0.256212212588244
3.1475,0.256286962301826
3.15,0.256361998635011
3.1525,0.256437294223168
3.155,0.256512821653088
3.1575,0.256588553472242
3.16,0.256664462198063
3.1625,0.2567405203272
3.165,0.25681670034479
3.1675,0.256892974733706
3.17,0.256969315983799
3.1725,0.25704569660113
3.175,0.257122089117177
3.1775,0.257198466098026
3.18,0.257274800153533
3.1825,0.257351063946472
3.185,0.257427230201636
3.1875,0.257503271714917
3.19,0.257579161362351
3.1925,0.257654872109112
3.195,0.25773037701848
3.1975,0.257805649260753
3.2,0.257880662122115
3.2025,0.257955389013455
3.205,0.258029803479128
3.2075,0.258103879205668
3.21,0.258177590030427
3.2125,0.258250909950172
3.215,0.258323813129595
3.2175,0.258396273909775
3.22,0.258468266816556
3.2225,0.258539766568858
3.225,0.258610748086912
3.2275,0.25868118650041
3.23,0.258751057156587
3.2325,0.258820335628201
3.235,0.258888997721447
3.2375,0.258957019483761
3.24,0.259024377211552
3.2425,0.259091047457824
3.245,0.259157007039711
3.2475,0.259222233045913
3.25,0.259286702844023
3.2525,0.259350394087762
3.255,0.259413284724094
3.2575,0.259475353000248
3.26,0.25953657747062
3.2625,0.259596937003562
3.265,0.259656410788063
3.2675,0.259714978340307
3.27,0.259772619510114
3.2725,0.259829314487265
3.275,0.259885043807693
3.2775,0.259939788359564
3.28,0.259993529389216
3.2825,0.260046248506984
3.285,0.260097927692882
3.2875,0.260148549302166
3.29,0.260198096070749
3.2925,0.260246551120493
3.295,0.26029389796436
3.2975,0.26034012051142
3.3,0.260385203071728
3.3025,0.260429130361049
3.305,0.260471887505454
3.3075,0.260513460045757
3.31,0.260553833941816
3.3125,0.260592995576687
3.315,0.260630931760628
3.3175,0.260667629734952
3.32,0.260703077175734
3.3225,0.260737262197367
3.325,0.260770173355963
3.3275,0.260801799652603
3.33,0.260832130536432
3.3325,0.260861155907601
3.335,0.260888866120053
3.3375,0.260915251984153
3.34,0.260940304769159
3.3425,0.260964016205539
3.345,0.260986378487131
3.3475,0.261007384273137
3.35,0.261027026689967
3.3525,0.261045299332922
3.355,0.261062196267709
3.3575,0.26107771203181
3.36,0.261091841635679
3.3625,0.261104580563785
3.365,0.261115924775493
3.3675,0.261125870705784
3.37,0.261134415265816
3.3725,0.261141555843323
3.375,0.261147290302852
3.3775,0.261151616985848
3.38,0.261154534710567
3.3825,0.261156042771839
3.385,0.261156140940667
3.3875,0.261154829463666
3.39,0.26115210906235
3.3925,0.261147980932252
3.395,0.261142446741889
3.3975,0.261135508631578
3.4,0.261127169212082
3.4025,0.261117431563109
3.405,0.261106299231656
3.4075,0.261093776230193
3.41,0.261079867034701
3.4125,0.261064576582549
3.415,0.261047910270227
3.4175,0.261029873950922
3.42,0.261010473931951
3.4225,0.260989716972037
3.425,0.260967610278445
3.4275,0.260944161503965
3.43,0.260919378743759
3.4325,0.26089327053205
3.435,0.260865845838686
3.4375,0.260837114065546
3.44,0.260807085042814
3.4425,0.260775769025119
3.445,0.260743176687527
3.4475,0.260709319121406
3.45,0.260674207830153
3.4525,0.260637854724793
3.455,0.26060027211944
3.4575,0.260561472726637
3.46,0.260521469652561
3.4625,0.260480276392111
3.465,0.260437906823864
3.4675,0.260394375204915
3.47,0.260349696165593
3.4725,0.260303884704064
3.475,0.260256956180811
3.4775,0.260208926313004
3.48,0.260159811168761
3.4825,0.260109627161292
3.485,0.260058391042939
3.4875,0.260006119899109
3.49,0.259952831142108
3.4925,0.259898542504864
3.495,0.259843272034559
3.4975,0.259787038086161
3.5,0.259729859315863
3.5025,0.259671754674426
3.505,0.259612743400435
3.5075,0.259552845013466
3.51,0.25949207930717
3.5125,0.259430466342271
3.515,0.259368026439482
3.5175,0.259304780172353
3.52,0.259240748360031
3.5225,0.259175952059952
3.525,0.259110412560467
3.5275,0.259044151373395
3.53,0.258977190226508
3.5325,0.258909551055965
3.535,0.25884125599867
3.5375,0.258772327384587
3.54,0.258702787728992
3.5425,0.258632659724671
3.545,0.25856196623408
3.5475,0.258490730281445
3.55,0.258418975044824
3.5525,0.25834672384813
3.555,0.258274000153111
3.5575,0.258200827551293
3.56,0.2581272297559
3.5625,0.258053230593726
3.565,0.257978853997
3.5675,0.257904123995209
3.57,0.257829064706905
3.5725,0.2577537003315
3.575,0.25767805514103
3.5775,0.25760215347192
3.58,0.257526019716724
3.5825,0.257449678315871
3.585,0.257373153749394
3.5875,0.257296470528662
3.59,0.257219653188111
3.5925,0.25714272627698
3.595,0.257065714351048
3.5975,0.256988641964384
3.6,0.256911533661105
3.6025,0.256834413967153
3.605,0.256757307382083
3.6075,0.256680238370871
3.61,0.256603231355751
3.6125,0.256526310708068
3.615,0.256449500740165
3.6175,0.256372825697296
3.62,0.256296309749576
3.6225,0.256219976983962
3.625,0.256143851396278
3.6275,0.256067956883277
3.63,0.255992317234745
3.6325,0.255916956125659
3.635,0.255841897108386
3.6375,0.255767163604936
3.64,0.255692778899271
3.6425,0.255618766129667
3.645,0.255545148281137
3.6475,0.255471948177917
3.65,0.255399188476011
3.6525,0.255326891655808
3.655,0.255255080014762
3.6575,0.255183775660152
3.66,0.255113000501901
3.6625,0.255042776245488
3.665,0.254973124384923
3.6675,0.254904066195813
3.67,0.254835622728504
3.6725,0.254767814801311
3.675,0.254700662993832
3.6775,0.254634187640359
3.68,0.254568408823365
3.6825,0.254503346367103
3.685,0.254439019831283
3.6875,0.254375448504859
3.69,0.254312651399908
3.6925,0.254250647245612
3.695,0.254189454482347
3.6975,0.254129091255868
3.7,0.254069575411608
3.7025,0.254010924489087
3.705,0.253953155716423
3.7075,0.253896286004961
3.71,0.253840331944017
3.7125,0.253785309795729
3.715,0.253731235490037
3.7175,0.253678124619769
3.72,0.253625992435853
3.7225,0.253574853842653
3.725,0.253524723393419
3.7275,0.253475615285871
3.73,0.253427543357901
3.7325,0.253380521083403
3.735,0.253334561568234
3.7375,0.253289677546299
3.74,0.253245881375774
3.7425,0.253203185035447
3.745,0.253161600121209
3.7475,0.253121137842659
3.75,0.253081809019861
3.7525,0.253043624080221
3.755,0.253006593055513
3.7575,0.252970725579031
3.76,0.252936030882885
3.7625,0.252902517795433
3.765,0.252870194738853
3.7675,0.252839069726854
3.77,0.252809150362524
3.7725,0.252780443836327
3.775,0.252752956924231
3.7775,0.252726695985982
3.78,0.252701666963526
3.7825,0.25267787537956
3.785,0.252655326336238
3.7875,0.252634024514013
3.79,0.252613974170624
3.7925,0.252595179140224
3.795,0.252577642832657
3.7975,0.25256136823287
3.8,0.252546357900475
3.8025,0.252532613969449
3.805,0.252520138147984
3.8075,0.252508931718472
3.81,0.252498995537638
3.8125,0.252490330036811
3.815,0.252482935222344
3.8175,0.252476810676172
3.82,0.252471955556507
3.8225,0.252468368598682
3.825,0.25246604811613
3.8275,0.252464992001509
3.83,0.252465197727956
3.8325,0.252466662350494
3.835,0.252469382507563
3.8375,0.252473354422699
3.84,0.252478573906346
3.8425,0.252485036357801
3.845,0.2524927367673
3.8475,0.252501669718234
3.85,0.252511829389501
3.8525,0.252523209557987
3.855,0.25253580360118
3.8575,0.252549604499918
3.86,0.25256460484126
3.8625,0.252580796821489
3.865,0.252598172249241
3.8675,0.252616722548759
3.87,0.252636438763272
3.8725,0.252657311558499
3.875,0.25267933122627
3.8775,0.252702487688271
3.88,0.252726770499911
3.8825,0.2527521688543
3.885,0.252778671586344
3.8875,0.252806267176961
3.89,0.252834943757405
3.8925,0.252864689113698
3.895,0.252895490691182
3.8975,0.252927335599168
3.9,0.2529602106157
3.9025,0.252994102192419
3.905,0.253028996459528
3.9075,0.253064879230868
3.91,0.253101736009081
3.9125,0.253139551990879
3.915,0.253178312072404
3.9175,0.253218000854685
3.92,0.253258602649183
3.9225,0.253300101483431
3.925,0.253342481106756
3.9275,0.253385724996092
3.93,0.25342981636187
3.9325,0.253474738153998
3.935,0.253520473067913
3.9375,0.253567003550716
3.94,0.25361431180738
3.9425,0.253662379807028
3.945,0.253711189289287
3.9475,0.253760721770707
3.95,0.25381095855125
3.9525,0.253861880720841
3.955,0.253913469165976
3.9575,0.253965704576401
3.96,0.254018567451837
3.9625,0.25407203810877
3.965,0.25412609668728
3.9675,0.254180723157938
3.97,0.254235897328735
3.9725,0.254291598852064
3.975,0.254347807231748
3.9775,0.254404501830101
3.98,0.254461661875032
3.9825,0.254519266467184
3.985,0.254577294587108
3.9875,0.254635725102464
3.99,0.254694536775254
3.9925,0.254753708269082
3.995,0.254813218156432
3.9975,0.254873044925972
4,0.254933166989877
4.0025,0.254993562691165
4.005,0.255054210311047
4.0075,0.255115088076294
4.01,0.255176174166601
4.0125,0.25523744672197
4.015,0.255298883850091
4.0175,0.255360463633721
4.02,0.255422164138065
4.0225,0.255483963418158
4.025,0.255545839526231
4.0275,0.255607770519078
4.03,0.255669734465402
4.0325,0.25573170945316
4.035,0.255793673596877
4.0375,0.255855605044956
4.04,0.255917481986957
4.0425,0.255979282660856
4.045,0.256040985360278
4.0475,0.256102568441707
4.05,0.256164010331652
4.0525,0.256225289533795
4.055,0.256286384636096
4.0575,0.256347274317861
4.06,0.256407937356772
4.0625,0.256468352635874
4.065,0.256528499150514
4.0675,0.256588356015241
4.07,0.256647902470651
4.0725,0.256707117890178
4.075,0.256765981786841
4.0775,0.256824473819928
4.08,0.256882573801623
4.0825,0.256940261703571
4.085,0.256997517663392
4.0875,0.257054321991113
4.09,0.257110655175549
4.0925,0.257166497890606
4.095,0.25722183100152
4.0975,0.257276635571017
4.1,0.257330892865405
4.1025,0.257384584360585
4.105,0.257437691747986
4.1075,0.257490196940419
4.11,0.257542082077849
4.1125,0.257593329533082
4.115,0.257643921917367
4.1175,0.257693842085915
4.12,0.257743073143318
4.1225,0.257791598448888
4.125,0.2578394016219
4.1275,0.257886466546733
4.13,0.257932777377931
4.1325,0.25797831854515
4.135,0.258023074758017
4.1375,0.258067031010884
4.14,0.258110172587481
4.1425,0.258152485065468
4.145,0.258193954320874
4.1475,0.258234566532443
4.15,0.25827430818586
4.1525,0.258313166077876
4.155,0.258351127320321
4.1575,0.258388179344006
4.16,0.25842430990251
4.1625,0.258459507075859
4.165,0.258493759274083
4.1675,0.25852705524067
4.17,0.258559384055885
4.1725,0.258590735139993
4.175,0.258621098256341
4.1775,0.258650463514343
4.18,0.258678821372328
4.1825,0.258706162640275
4.185,0.258732478482423
4.1875,0.258757760419763
4.19,0.258782000332404
4.1925,0.258805190461812
4.195,0.258827323412934
4.1975,0.258848392156186
4.2,0.258868390029327
4.2025,0.258887310739196
4.205,0.258905148363333
4.2075,0.258921897351465
4.21,0.258937552526875
4.2125,0.258952109087632
4.215,0.258965562607704
4.2175,0.258977909037935
4.22,0.258989144706905
4.2225,0.25899926632165
4.225,0.259008270968261
4.2275,0.259016156112357
4.23,0.259022919599425
4.2325,0.259028559655031
4.235,0.259033074884916
4.2375,0.259036464274944
4.24,0.259038727190943
4.2425,0.259039863378402
4.245,0.259039872962056
4.2475,0.259038756445331
4.25,0.259036514709673
4.2525,0.259033149013745
4.255,0.259028660992503
4.2575,0.259023052656144
4.26,0.259016326388928
4.2625,0.259008484947884
4.265,0.258999531461385
4.2675,0.258989469427603
4.27,0.258978302712843
4.2725,0.258966035549754
4.275,0.258952672535423
4.2775,0.258938218629348
4.28,0.258922679151285
4.2825,0.258906059778993
4.285,0.258888366545846
4.2875,0.25886960583813
4.29,0.258849784392439
4.2925,0.258828909293279
4.295,0.25880698797011
4.2975,0.258784028194402
4.3,0.258760038076566
4.3025,0.258735026062791
4.305,0.258709000931758
4.3075,0.258681971791256
4.31,0.258653948074689
4.3125,0.258624939537477
4.315,0.258594956253361
4.3175,0.258564008610595
4.32,0.258532107308049
4.3225,0.258499263351204
4.325,0.258465488048055
4.3275,0.258430793004919
4.33,0.258395190122142
4.3325,0.25835869158972
4.335,0.258321309882824
4.3375,0.25828305775724
4.34,0.258243948244716
4.3425,0.258203994648228
4.345,0.258163210537153
4.3475,0.258121609742371
4.35,0.258079206351275
4.3525,0.258036014702706
4.355,0.257992049381813
4.3575,0.257947325214832
4.36,0.257901857263793
4.3625,0.257855660821159
4.365,0.257808751404389
4.3675,0.257761144750432
4.37,0.257712856810163
4.3725,0.257663903742747
4.375,0.257614301909942
4.3775,0.257564067870343
4.38,0.257513218373565
4.3825,0.257461770354376
4.385,0.257409740926767
4.3875,0.257357147377975
4.39,0.257304007162454
4.3925,0.257250337895798
4.395,0.257196157348622
4.3975,0.257141483440387
4.4,0.257086334233202
4.4025,0.257030727925564
4.405,0.256974682846084
4.4075,0.256918217447154
4.41,0.256861350298602
4.4125,0.2568041000813
4.415,0.256746485580753
4.4175,0.256688525680654
4.42,0.256630239356422
4.4225,0.256571645668712
4.425,0.256512763756906
4.4275,0.256453612832588
4.43,0.256394212173001
4.4325,0.256334581114492
4.435,0.256274739045945
4.4375,0.256214705402208
4.44,0.256154499657504
4.4425,0.256094141318851
4.445,0.256033649919468
4.4475,0.255973045012186
4.45,0.255912346162861
4.4525,0.255851572943792
4.455,0.255790744927139
4.4575,0.25572988167836
4.46,0.25566900274965
4.4625,0.255608127673399
4.465,0.25554727595566
4.4675,0.25548646706964
4.47,0.255425720449206
4.4725,0.255365055482414
4.475,0.255304491505062
4.4775,0.25524404779427
4.48,0.255183743562087
4.4825,0.255123597949126
4.485,0.255063630018239
4.4875,0.255003858748216
4.49,0.254944303027529
4.4925,0.254884981648108
4.495,0.254825913299165
4.4975,0.254767116561056
4.5,0.254708609899183
4.5025,0.254650411657956
4.505,0.254592540054789
4.5075,0.254535013174154
4.51,0.254477848961691
4.5125,0.254421065218362
4.515,0.25436467959467
4.5175,0.254308709584935
4.52,0.254253172521623
4.5225,0.254198085569751
4.525,0.254143465721337
4.5275,0.254089329789931
4.53,0.254035694405209
4.5325,0.253982576007629
4.535,0.253929990843167
4.5375,0.25387795495812
4.54,0.253826484193986
4.5425,0.253775594182413
4.545,0.253725300340236
4.5475,0.253675617864585
4.55,0.25362656172807
4.5525,0.253578146674061
4.555,0.253530387212037
4.5575,0.253483297613027
4.56,0.253436891905139
4.5625,0.253391183869167
4.565,0.253346187034302
4.5675,0.253301914673917
4.57,0.253258379801454
4.5725,0.2532155951664
4.575,0.25317357325036
4.5775,0.253132326263219
4.58,0.253091866139408
4.5825,0.253052204534261
4.585,0.253013352820474
4.5875,0.252975322084665
4.59,0.252938123124028
4.5925,0.252901766443096
4.595,0.252866262250604
4.5975,0.252831620456454
4.6,0.252797850668786
4.6025,0.252764962191151
4.605,0.252732964019799
4.6075,0.252701864841059
4.61,0.252671673028841
4.6125,0.252642396642239
4.615,0.252614043423242
4.6175,0.252586620794557
4.62,0.252560135857543
4.6225,0.252534595390251
4.625,0.252510005845581
4.6275,0.252486373349546
4.63,0.252463703699651
4.6325,0.252442002363379
4.635,0.252421274476801
4.6375,0.252401524843282
4.64,0.252382757932321
4.6425,0.252364977878483
4.645,0.252348188480463
4.6475,0.252332393200252
4.65,0.252317595162424
4.6525,0.252303797153532
4.655,0.252291001621622
4.6575,0.25227921067586
4.66,0.25226842608627
4.6625,0.252258649283594
4.665,0.252249881359256
4.6675,0.252242123065446
4.67,0.252235374815319
4.6725,0.252229636683301
4.675,0.252224908405513
4.6775,0.252221189380309
4.68,0.25221847866892
4.6825,0.252216774996219
4.685,0.252216076751589
4.6875,0.25221638198991
4.69,0.252217688432649
4.6925,0.252219993469069
4.695,0.252223294157542
4.6975,0.252227587226971
4.7,0.252232869078321
4.7025,0.252239135786262
4.705,0.252246383100917
4.7075,0.252254606449711
4.71,0.252263800939331
4.7125,0.252273961357795
4.715,0.252285082176615
4.7175,0.252297157553032
4.72,0.252310181332281
4.7225,0.252324147050163
4.725,0.252339047935689
4.7275,0.252354876913746
4.73,0.252371626607868
4.7325,0.252389289343113
4.735,0.252407857149024
4.7375,0.252427321762693
4.74,0.252447674631916
4.7425,0.252468906918442
4.745,0.252491009501313
4.7475,0.252513972980293
4.75,0.252537787679388
4.7525,0.252562443650454
4.755,0.252587930676892
4.7575,0.252614238277422
4.76,0.25264135570995
4.7625,0.252669271975511
4.765,0.252697975822296
4.7675,0.252727455749756
4.77,0.252757700012784
4.7725,0.252788696625979
4.775,0.252820433367976
4.7775,0.252852897785856
4.78,0.252886077199628
4.7825,0.252919958706773
4.785,0.252954529186871
4.7875,0.25298977530628
4.79,0.253025683522889
4.7925,0.253062240090936
4.795,0.253099431065878
4.7975,0.253137242309337
4.8,0.253175659494086
4.8025,0.253214668109107
4.805,0.2532542534647
4.8075,0.253294400697635
4.81,0.253335094776374
4.8125,0.253376320506327
4.815,0.253418062535161
4.8175,0.253460305358158
4.82,0.253503033323613
4.8225,0.253546230638275
4.825,0.253589881372831
4.8275,0.253633969467425
4.83,0.253678478737213
4.8325,0.253723392877961
4.835,0.253768695471663
4.8375,0.253814369992199
4.84,0.25386039981102
4.8425,0.253906768202856
4.845,0.253953458351456
4.8475,0.254000453355344
4.85,0.254047736233601
4.8525,0.254095289931664
4.855,0.254143097327139
4.8575,0.25419114123564
4.86,0.254239404416625
4.8625,0.254287869579259
4.865,0.254336519388276
4.8675,0.254385336469849
4.87,0.254434303417474
4.8725,0.254483402797845
4.875,0.25453261715674
4.8775,0.2545819290249
4.88,0.25463132092391
4.8825,0.254680775372072
4.885,0.254730274890272
4.8875,0.254779802007842
4.89,0.254829339268406
4.8925,0.254878869235718
4.895,0.254928374499483
4.8975,0.254977837681161
4.9,0.255027241439757
4.9025,0.255076568477588
4.905,0.255125801546025
4.9075,0.255174923451217
4.91,0.255223917059785
4.9125,0.255272765304489
4.915,0.255321451189865
4.9175,0.255369957797834
4.92,0.255418268293272
4.9225,0.255466365929548
4.925,0.255514234054026
4.9275,0.255561856113526
4.93,0.255609215659745
4.9325,0.255656296354635
4.935,0.25570308197574
4.9375,0.255749556421487
4.94,0.255795703716419
4.9425,0.255841508016397
4.945,0.255886953613735
4.9475,0.255932024942291
4.95,0.255976706582502
4.9525,0.256020983266361
4.955,0.256064839882339
4.9575,0.256108261480246
4.96,0.256151233276034
4.9625,0.256193740656538
4.965,0.256235769184145
4.9675,0.256277304601414
4.97,0.256318332835613
4.9725,0.256358840003196
4.975,0.256398812414212
4.9775,0.256438236576641
4.98,0.256477099200655
4.9825,0.256515387202808
4.985,0.256553087710154
4.9875,0.256590188064283
4.99,0.256626675825285
4.9925,0.256662538775634
4.995,0.256697764923986
4.9975,0.256732342508906
5,0.25676626000251
5.0025,0.256799506114015
5.005,0.256832069793217
5.0075,0.256863940233879
5.01,0.256895106877027
5.0125,0.256925559414169
5.015,0.256955287790417
5.0175,0.256984282207522
5.02,0.257012533126824
5.0225,0.257040031272103
5.025,0.257066767632344
5.0275,0.257092733464404
5.03,0.257117920295593
5.0325,0.257142319926155
5.035,0.257165924431655
5.0375,0.257188726165271
5.04,0.25721071775999
5.0425,0.257231892130709
5.045,0.257252242476235
5.0475,0.257271762281188
5.05,0.25729044531781
5.0525,0.257308285647668
5.055,0.25732527762326
5.0575,0.25734141588953
5.06,0.257356695385266
5.0625,0.257371111344413
5.065,0.257384659297278
5.0675,0.257397335071633
5.07,0.257409134793721
5.0725,0.257420054889159
5.075,0.257430092083738
5.0775,0.25743924340412
5.08,0.257447506178439
5.0825,0.257454878036797
5.085,0.257461356911651
5.0875,0.257466941038112
5.09,0.257471628954132
5.0925,0.25747541950059
5.095,0.257478311821282
5.0975,0.257480305362802
5.1,0.257481399874328
5.1025,0.257481595407303
5.105,0.257480892315017
5.1075,0.257479291252087
5.11,0.257476793173837
5.1125,0.257473399335578
5.115,0.257469111291793
5.1175,0.25746393089521
5.12,0.257457860295795
5.1225,0.257450901939627
5.125,0.257443058567691
5.1275,0.257434333214566
5.13,0.257424729207014
5.1325,0.257414250162485
5.135,0.257402899987508
5.1375,0.257390682876005
5.14,0.257377603307501
5.1425,0.257363666045244
5.145,0.257348876134239
5.1475,0.257333238899222
5.15,0.257316759942471
5.1525,0.257299445141537
5.155,0.257281300646913
5.1575,0.25726233287961
5.16,0.257242548528643
5.1625,0.257221954548435
5.165,0.257200558156132
5.1675,0.257178366828836
5.17,0.257155388300753
5.1725,0.257131630560258
5.175,0.257107101846881
5.1775,0.257081810648212
5.18,0.257055765696724
5.1825,0.257028975966522
5.185,0.257001450670015
5.1875,0.256973199254509
5.19,0.256944231398729
5.1925,0.256914557009268
5.195,0.256884186216963
5.1975,0.256853129373199
5.2,0.256821397046151
5.2025,0.256789000016945
5.205,0.256755949275771
5.2075,0.256722256017912
5.21,0.256687931639723
5.2125,0.256652987734542
5.215,0.256617436088544
5.2175,0.256581288676528
5.22,0.256544557657658
5.2225,0.256507255371138
5.225,0.256469394331834
5.2275,0.25643098722585
5.23,0.256392046906044
5.2325,0.256352586387494
5.235,0.256312618842925
5.2375,0.256272157598078
5.24,0.256231216127041
5.2425,0.256189808047533
5.245,0.256147947116145
5.2475,0.256105647223546
5.25,0.256062922389645
5.2525,0.25601978675872
5.255,0.255976254594504
5.2575,0.255932340275251
5.26,0.255888058288755
5.2625,0.25584342322735
5.265,0.255798449782876
5.2675,0.25575315274162
5.27,0.25570754697923
5.2725,0.25566164745561
5.275,0.255615469209787
5.2775,0.255569027354766
5.28,0.255522337072358
5.2825,0.255475413608001
5.285,0.255428272265559
5.2875,0.255380928402112
5.29,0.255333397422735
5.2925,0.255285694775263
5.295,0.255237835945059
5.2975,0.255189836449763
5.3,0.255141711834048
5.3025,0.255093477664368
5.305,0.255045149523705
5.3075,0.254996743006323
5.31,0.254948273712521
5.3125,0.254899757243389
5.315,0.254851209195573
5.3175,0.254802645156052
5.32,0.254754080696919
5.3225,0.254705531370175
5.325,0.254657012702539
5.3275,0.254608540190274
5.33,0.254560129294026
5.3325,0.254511795433684
5.335,0.25446355398326
5.3375,0.25441542026579
5.34,0.254367409548264
5.3425,0.254319537036571
5.345,0.254271817870486
5.3475,0.254224267118669
5.35,0.254176899773709
5.3525,0.254129730747192
5.355,0.254082774864806
5.3575,0.254036046861477
5.36,0.253989561376548
5.3625,0.253943332948992
5.365,0.253897376012667
5.3675,0.253851704891613
5.37,0.253806333795387
5.3725,0.253761276814453
5.375,0.253716547915605
5.3775,0.253672160937451
5.38,0.253628129585932
5.3825,0.253584467429907
5.385,0.253541187896774
5.3875,0.253498304268157
5.39,0.25345582967564
5.3925,0.253413777096561
5.395,0.253372159349861
5.3975,0.253330989091994
5.4,0.253290278812892
5.4025,0.253250040832
5.405,0.253210287294365
5.4075,0.253171030166793
5.41,0.253132281234069
5.4125,0.253094052095244
5.415,0.253056354159992
5.4175,0.253019198645031
5.42,0.252982596570613
5.4225,0.25294655875709
5.425,0.252911095821549
5.4275,0.252876218174516
5.43,0.252841936016738
5.4325,0.252808259336043
5.435,0.252775197904262
5.4375,0.252742761274247
5.44,0.252710958776944
5.4425,0.252679799518564
5.445,0.252649292377819
5.4475,0.252619446003252
5.45,0.252590268810634
5.4525,0.252561768980454
5.455,0.252533954455481
5.4575,0.252506832938419
5.46,0.25248041188964
5.4625,0.252454698525001
5.465,0.252429699813748
5.4675,0.252405422476506
5.47,0.252381872983352
5.4725,0.252359057551981
5.475,0.252336982145947
5.4775,0.25231565247301
5.48,0.252295073983549
5.4825,0.252275251869086
5.485,0.252256191060891
5.4875,0.252237896228667
5.49,0.252220371779337
5.4925,0.252203621855911
5.495,0.252187650336446
5.4975,0.2521724608331
5.5,0.252158056691267
5.5025,0.252144440988813
5.505,0.252131616535399
5.5075,0.25211958587189
5.51,0.252108351269861
5.5125,0.252097914731193
5.515,0.252088277987758
5.5175,0.252079442501196
5.52,0.252071409462782
5.5225,0.252064179793386
5.525,0.252057754143522
5.5275,0.252052132893488
5.53,0.252047316153596
5.5325,0.252043303764492
5.535,0.252040095297567
5.5375,0.25203769005546
5.54,0.252036087072642
5.5425,0.252035285116103
5.545,0.252035282686109
5.5475,0.252036078017069
5.55,0.252037669078473
5.5525,0.252040053575922
5.555,0.252043228952252
5.5575,0.252047192388736
5.56,0.252051940806378
5.5625,0.252057470867285
5.565,0.252063778976133
5.5675,0.252070861281715
5.57,0.252078713678564
5.5725,0.252087331808675
5.575,0.252096711063292
5.5775,0.252106846585068
5.58,0.252117733269571
5.5825,0.252129365767616
5.585,0.252141738487246
5.5875,0.252154845595938
5.59,0.252168681022872
5.5925,0.252183238461285
5.595,0.252198511370896
5.5975,0.252214492980407
5.6,0.252231176290085
5.6025,0.252248554074404
5.605,0.252266618884773
5.6075,0.252285363052326
5.61,0.252304778690784
5.6125,0.252324857699389
5.615,0.252345591765906
5.6175,0.252366972369683
5.62,0.252388990784794
5.6225,0.252411638083226
5.625,0.252434905138149
5.6275,0.252458782627234
5.63,0.25248326103604
5.6325,0.252508330661458
5.635,0.252533981615212
5.6375,0.252560203827425
5.64,0.25258698705023
5.6425,0.252614320861446
5.645,0.252642194668303
5.6475,0.252670597711215
5.65,0.252699519067617
5.6525,0.252728947655836
5.655,0.252758872239019
5.6575,0.252789281429111
5.66,0.252820163690868
5.6625,0.252851507345923
5.665,0.252883300576891
5.6675,0.252915531431515
5.67,0.252948187826856
5.6725,0.252981257553511
5.675,0.253014728279883
5.6775,0.253048587556472
5.68,0.253082822820209
5.6825,0.253117421398817
5.685,0.25315237051521
5.6875,0.25318765729191
5.69,0.253223268755505
5.6925,0.253259191841122
5.695,0.253295413396935
5.6975,0.253331920188683
5.7,0.253368698904225
5.7025,0.253405736158106
5.705,0.253443018496141
5.7075,0.25348053240002
5.71,0.253518264291927
5.7125,0.253556200539173
5.715,0.25359432745884
5.7175,0.253632631322437
5.72,0.253671098360568
5.7225,0.253709714767599
5.725,0.253748466706343
5.7275,0.253787340312737
5.73,0.253826321700532
5.7325,0.253865396965979
5.735,0.253904552192517
5.7375,0.253943773455456
5.74,0.25398304682666
5.7425,0.254022358379223
5.745,0.25406169419214
5.7475,0.254101040354968
5.75,0.25414038297248
5.7525,0.254179708169303
5.755,0.254219002094549
5.7575,0.254258250926429
5.76,0.254297440876849
5.7625,0.254336558195993
5.765,0.254375589176886
5.7675,0.254414520159932
5.77,0.254453337537437
5.7725,0.254492027758105
5.775,0.25453057733151
5.7775,0.254568972832539
5.78,0.25460720090581
5.7825,0.254645248270064
5.785,0.254683101722517
5.7875,0.25472074814319
5.79,0.254758174499198
5.7925,0.254795367849009
5.795,0.254832315346664
5.7975,0.254869004245958
5.8,0.25490542190459
5.8025,0.25494155578826
5.805,0.254977393474736
5.8075,0.255012922657869
5.81,0.255048131151573
5.8125,0.25508300689375
5.815,0.255117537950173
5.8175,0.255151712518323
5.82,0.255185518931171
5.8225,0.255218945660915
5.825,0.255251981322661
5.8275,0.255284614678056
5.83,0.25531683463886
5.8325,0.255348630270471
5.835,0.255379990795389
5.8375,0.255410905596619
5.84,0.255441364221028
5.8425,0.255471356382629
5.845,0.25550087196581
5.8475,0.255529901028505
5.85,0.255558433805297
5.8525,0.255586460710462
5.855,0.255613972340943
5.8575,0.255640959479266
5.86,0.255667413096389
5.8625,0.255693324354476
5.865,0.255718684609612
5.8675,0.255743485414449
5.87,0.255767718520771
5.8725,0.255791375882006
5.875,0.255814449655653
5.8775,0.255836932205642
5.88,0.255858816104625
5.8825,0.255880094136189
5.885,0.255900759296998
5.8875,0.255920804798857
5.89,0.255940224070709
5.8925,0.255959010760546
5.895,0.255977158737251
5.8975,0.255994662092364
5.9,0.256011515141766
5.9025,0.256027712427289
5.905,0.256043248718245
5.9075,0.256058119012884
5.91,0.256072318539762
5.9125,0.256085842759041
5.915,0.256098687363701
5.9175,0.256110848280678
5.92,0.256122321671917
5.9225,0.256133103935353
5.925,0.256143191705798
5.9275,0.256152581855753
5.93,0.256161271496144
5.9325,0.256169257976973
5.935,0.256176538887889
5.9375,0.256183112058678
5.94,0.256188975559676
5.9425,0.256194127702095
5.945,0.256198567038269
5.9475,0.256202292361821
5.95,0.256205302707748
5.9525,0.256207597352426
5.955,0.256209175813528
5.9575,0.256210037849871
5.96,0.256210183461175
5.9625,0.256209612887745
5.965,0.256208326610069
5.9675,0.256206325348342
5.97,0.256203610061904
5.9725,0.256200181948604
5.975,0.256196042444079
5.9775,0.256191193220962
5.98,0.256185636188001
5.9825,0.256179373489114
5.985,0.25617240750235
5.9875,0.256164740838787
5.99,0.256156376341349
5.9925,0.256147317083538
5.995,0.256137566368106
5.9975,0.25612712772564
6,0.256116004913076
6.0025,0.256104201912142
6.005,0.256091722927714
6.0075,0.256078572386125
6.01,0.256064754933379
6.0125,0.256050275433307
6.015,0.256035138965644
6.0175,0.256019350824044
6.02,0.256002916514019
6.0225,0.255985841750815
6.025,0.255968132457212
6.0275,0.255949794761271
6.03,0.255930834994001
6.0325,0.255911259686972
6.035,0.255891075569854
6.0375,0.255870289567904
6.04,0.25584890879938
6.0425,0.255826940572901
6.045,0.255804392384745
6.0475,0.255781271916084
6.05,0.255757587030166
6.0525,0.255733345769435
6.055,0.2557085563526
6.0575,0.255683227171642
6.06,0.255657366788773
6.0625,0.255630983933339
6.065,0.255604087498672
6.0675,0.255576686538888
6.07,0.255548790265642
6.0725,0.255520408044825
6.075,0.255491549393227
6.0775,0.255462223975137
6.08,0.255432441598913
6.0825,0.2554022122135
6.085,0.255371545904906
6.0875,0.255340452892641
6.09,0.255308943526113
6.0925,0.255277028280981
6.095,0.25524471775548
6.0975,0.255212022666702
6.1,0.255178953846844
6.1025,0.255145522239424
6.105,0.255111738895463
6.1075,0.255077614969636
6.11,0.255043161716396
6.1125,0.255008390486064
6.115,0.254973312720895
6.1175,0.254937939951126
6.12,0.254902283790981
6.1225,0.254866355934674
6.125,0.254830168152378
6.1275,0.254793732286172
6.13,0.254757060245982
6.1325,0.254720164005491
6.135,0.254683055598039
6.1375,0.25464574711251
6.14,0.254608250689202
6.1425,0.254570578515687
6.145,0.254532742822662
6.1475,0.254494755879786
6.15,0.254456629991516
6.1525,0.254418377492932
6.155,0.25438001074556
6.1575,0.254341542133189
6.16,0.254302984057689
6.1625,0.254264348934824
6.165,0.254225649190074
6.1675,0.254186897254448
6.17,0.254148105560311
6.1725,0.25410928653721
6.175,0.254070452607708
6.1775,0.254031616183225
6.18,0.253992789659893
6.1825,0.253953985414413
6.185,0.253915215799932
6.1875,0.253876493141928
6.19,0.253837829734112
6.1925,0.253799237834345
6.195,0.253760729660574
6.1975,0.253722317386783
6.2,0.253684013138969
6.2025,0.253645828991137
6.205,0.253607776961316
6.2075,0.253569869007601
6.21,0.253532117024225
6.2125,0.253494532837645
6.215,0.253457128202672
6.2175,0.253419914798615
6.22,0.253382904225466
6.2225,0.253346108000115
6.225,0.253309537552591
6.2275,0.253273204222345
6.23,0.253237119254567
6.2325,0.253201293796534
6.235,0.253165738894004
6.2375,0.253130465487641
6.24,0.253095484409484
6.2425,0.253060806379461
6.245,0.253026442001934
6.2475,0.252992401762299
6.25,0.252958696023626
6.2525,0.252925335023342
6.255,0.252892328869961
6.2575,0.252859687539869
6.26,0.252827420874148
6.2625,0.252795538575455
6.265,0.252764050204948
6.2675,0.252732965179267
6.27,0.252702292767569
6.2725,0.252672042088606
6.275,0.252642222107873
6.2775,0.252612841634796
6.28,0.252583909319988
6.2825,0.252555433652554
6.285,0.252527422957459
6.2875,0.252499885392951
6.29,0.252472828948046
6.2925,0.25244626144007
6.295,0.252420190512268
6.2975,0.252394623631467
6.3,0.252369568085804
6.3025,0.252345030982522
6.305,0.252321019245822
6.3075,0.252297539614786
6.31,0.252274598641358
6.3125,0.252252202688395
6.315,0.252230357927785
6.3175,0.252209070338631
6.32,0.252188345705494
6.3225,0.25216818961672
6.325,0.252148607462817
6.3275,0.252129604434914
6.33,0.252111185523282
6.3325,0.25209335551593
6.335,0.25207611899726
6.3375,0.252059480346806
6.34,0.252043443738033
6.3425,0.252028013137211
6.345,0.25201319230236
6.3475,0.251998984782262
6.35,0.251985393915556
6.3525,0.251972422829888
6.355,0.251960074441146
6.3575,0.251948351452761
6.36,0.251937256355086
6.3625,0.251926791424835
6.365,0.251916958724612
6.3675,0.251907760102495
6.37,0.251899197191706
6.3725,0.251891271410344
6.375,0.251883983961198
6.3775,0.251877335831624
6.38,0.251871327793511
6.3825,0.251865960403303
6.385,0.251861234002101
6.3875,0.251857148715837
6.39,0.25185370445551
6.3925,0.251850900917506
6.395,0.251848737583983
6.3975,0.251847213723325
6.4,0.251846328390675
6.4025,0.251846080428532
6.405,0.251846468467419
6.4075,0.251847490926625
6.41,0.251849146015017
6.4125,0.251851431731912
6.415,0.251854345868035
6.4175,0.251857886006526
6.42,0.251862049524033
6.4225,0.25186683359186
6.425,0.251872235177193
6.4275,0.251878251044379
6.43,0.251884877756287
6.4325,0.251892111675723
6.435,0.25189994896687
6.4375,0.251908385596907
6.44,0.251917417337584
6.4425,0.25192703976691
6.445,0.251937248270897
6.4475,0.251948038045362
6.45,0.251959404097787
6.4525,0.251971341249244
6.455,0.251983844136377
6.4575,0.251996907213446
6.46,0.252010524754427
6.4625,0.25202469085517
6.465,0.252039399435618
6.4675,0.252054644242071
6.47,0.252070418849523
6.4725,0.252086716664032
6.475,0.252103530925165
6.4775,0.252120854708479
6.48,0.252138680928059
6.4825,0.252157002339115
6.485,0.252175811540612
6.4875,0.252195100977967
6.49,0.25221486294578
6.4925,0.25223508959062
6.495,0.252255772913852
6.4975,0.252276904774516
6.5,0.252298476892239
6.5025,0.252320480850203
6.505,0.252342908098141
6.5075,0.252365749955387
6.51,0.252388997613955
6.5125,0.252412642141665
6.515,0.2524366744853
6.5175,0.252461085473804
6.52,0.25248586582151
6.5225,0.25251100613141
6.525,0.252536496898454
6.5275,0.252562328512874
6.53,0.252588491263553
6.5325,0.252614975341413
6.535,0.252641770842831
6.5375,0.252668867773092
6.54,0.252696256049855
6.5425,0.252723925506656
6.545,0.252751865896424
6.5475,0.252780066895028
6.55,0.25280851810484
6.5525,0.25283720905832
6.555,0.252866129221616
6.5575,0.252895267998192
6.56,0.252924614732458
6.5625,0.252954158713424
6.565,0.252983889178367
6.5675,0.253013795316511
6.57,0.253043866272709
6.5725,0.253074091151154
6.575,0.253104459019076
6.5775,0.253134958910467
6.58,0.253165579829796
6.5825,0.253196310755742
6.585,0.253227140644922
6.5875,0.253258058435623
6.59,0.253289053051541
6.5925,0.253320113405511
6.595,0.253351228403243
6.5975,0.253382386947053
6.6,0.253413577939589
6.6025,0.253444790287551
6.605,0.253476012905413
6.6075,0.253507234719124
6.61,0.253538444669812
6.6125,0.253569631717473
6.615,0.253600784844648
6.6175,0.253631893060089
6.62,0.253662945402414
6.6225,0.253693930943743
6.625,0.25372483879332
6.6275,0.253755658101117
6.63,0.25378637806142
6.6325,0.253816987916397
6.635,0.253847476959641
6.6375,0.253877834539695
6.64,0.253908050063555
6.6425,0.25393811300014
6.645,0.253968012883751
6.6475,0.253997739317489
6.65,0.254027281976654
6.6525,0.254056630612115
6.655,0.254085775053644
6.6575,0.254114705213228
6.66,0.254143411088342
6.6625,0.254171882765191
6.665,0.254200110421921
6.6675,0.254228084331787
6.67,0.254255794866296
6.6725,0.254283232498304
6.675,0.254310387805079
6.6775,0.254337251471321
6.68,0.254363814292148
6.6825,0.254390067176038
6.685,0.254416001147724
6.6875,0.254441607351057
6.69,0.254466877051816
6.6925,0.254491801640477
6.695,0.254516372634936
6.6975,0.254540581683189
6.7,0.254564420565957
6.7025,0.254587881199272
6.705,0.254610955637008
6.7075,0.254633636073362
6.71,0.254655914845291
6.7125,0.254677784434893
6.715,0.254699237471731
6.7175,0.254720266735118
6.72,0.254740865156337
6.7225,0.25476102582081
6.725,0.254780741970214
6.7275,0.254800007004544
6.73,0.254818814484113
6.7325,0.254837158131501
6.735,0.254855031833447
6.7375,0.254872429642681
6.74,0.2548893457797
6.7425,0.254905774634482
6.745,0.254921710768144
6.7475,0.254937148914543
6.75,0.254952083981807
6.7525,0.254966511053819
6.755,0.254980425391627
6.7575,0.254993822434801
6.76,0.255006697802729
6.7625,0.255019047295842
6.765,0.255030866896788
6.7675,0.255042152771536
6.77,0.255052901270416
6.7725,0.255063108929104
6.775,0.255072772469537
6.7775,0.255081888800759
6.78,0.255090455019722
6.7825,0.255098468411998
6.785,0.255105926452447
6.7875,0.255112826805813
6.79,0.255119167327252
6.7925,0.255124946062798
6.795,0.255130161249774
6.7975,0.255134811317117
6.8,0.255138894885663
6.8025,0.255142410768347
6.805,0.255145357970349
6.8075,0.255147735689174
6.81,0.255149543314666
6.8125,0.255150780428956
6.815,0.255151446806349
6.8175,0.255151542413145
6.82,0.255151067407394
6.8225,0.255150022138589
6.825,0.255148407147287
6.8275,0.25514622316468
6.83,0.255143471112093
6.8325,0.255140152100423
6.835,0.255136267429519
6.8375,0.255131818587493
6.84,0.255126807249972
6.8425,0.255121235279288
6.845,0.255115104723609
6.8475,0.255108417816
6.85,0.255101176973434
6.8525,0.25509338479574
6.855,0.255085044064482
6.8575,0.255076157741791
6.86,0.255066728969131
6.8625,0.255056761066011
6.865,0.255046257528629
6.8675,0.255035222028473
6.87,0.255023658410854
6.8725,0.255011570693388
6.875,0.254998963064419
6.8775,0.254985839881389
6.88,0.254972205669155
6.8825,0.254958065118245
6.885,0.254943423083074
6.8875,0.254928284580088
6.89,0.254912654785878
6.8925,0.254896539035227
6.895,0.254879942819108
6.8975,0.254862871782646
6.9,0.25484533172301
6.9025,0.254827328587273
6.905,0.254808868470222
6.9075,0.254789957612112
6.91,0.254770602396384
6.9125,0.254750809347336
6.915,0.254730585127747
6.9175,0.254709936536459
6.92,0.254688870505919
6.9225,0.254667394099673
6.925,0.25464551450983
6.9275,0.254623239054472
6.93,0.254600575175041
6.9325,0.254577530433674
6.935,0.254554112510511
6.9375,0.254530329200961
6.94,0.254506188412934
6.9425,0.254481698164045
6.945,0.254456866578774
6.9475,0.254431701885604
6.95,0.254406212414119
6.9525,0.254380406592084
6.955,0.25435429294248
6.9575,0.254327880080526
6.96,0.254301176710664
6.9625,0.254274191623523
6.965,0.254246933692856
6.9675,0.254219411872454
6.97,0.254191635193036
6.9725,0.25416361275912
6.975,0.254135353745871
6.9775,0.254106867395929
6.98,0.254078163016221
6.9825,0.254049249974755
6.985,0.254020137697393
6.9875,0.253990835664617
6.99,0.253961353408278
6.9925,0.253931700508324
6.995,0.25390188658953
6.9975,0.253871921318207
7,0.253841814398906
7.0025,0.25381157557111
7.005,0.253781214605924
7.0075,0.253750741302752
7.01,0.253720165485978
7.0125,0.25368949700163
7.015,0.253658745714054
7.0175,0.253627921502581
7.02,0.253597034258189
7.0225,0.253566093880175
7.025,0.253535110272819
7.0275,0.253504093342056
7.03,0.253473052992153
7.0325,0.253441999122387
7.035,0.253410941623731
7.0375,0.253379890375547
7.04,0.253348855242288
7.0425,0.253317846070207
7.045,0.25328687268408
7.0475,0.253255944883937
7.05,0.253225072441806
7.0525,0.253194265098474
7.055,0.253163532560256
7.0575,0.253132884495791
7.06,0.253102330532842
7.0625,0.253071880255124
7.065,0.253041543199143
7.0675,0.253011328851064
7.07,0.252981246643592
7.0725,0.252951305952879
7.075,0.252921516095452
7.0775,0.252891886325168
7.08,0.252862425830192
7.0825,0.252833143730002
7.085,0.252804049072418
7.0875,0.252775150830665
7.09,0.252746457900458
7.0925,0.252717979097122
7.095,0.252689723152741
7.0975,0.252661698713341
7.1,0.252633914336099
7.1025,0.252606378486595
7.105,0.252579099536087
7.1075,0.252552085758832
7.11,0.252525345329436
7.1125,0.252498886320242
7.115,0.252472716698761
7.1175,0.252446844325132
7.12,0.252421276949634
7.1225,0.252396022210222
7.125,0.252371087630125
7.1275,0.252346480615463
7.13,0.252322208452923
7.1325,0.252298278307472
7.135,0.252274697220115
7.1375,0.252251472105693
7.14,0.252228609750738
7.1425,0.252206116811357
7.145,0.252183999811179
7.1475,0.25216226513934
7.15,0.252140919048514
7.1525,0.252119967653003
7.155,0.252099416926865
7.1575,0.252079272702094
7.16,0.252059540666856
7.1625,0.252040226363769
7.165,0.252021335188239
7.1675,0.25200287238684
7.17,0.251984843055757
7.1725,0.251967252139271
7.175,0.251950104428305
7.1775,0.25193340455902
7.18,0.251917157011461
7.1825,0.251901366108267
7.185,0.251886036013423
7.1875,0.251871170731079
7.19,0.251856774104416
7.1925,0.251842849814571
7.195,0.251829401379614
7.1975,0.25181643215359
7.2,0.251803945325604
7.2025,0.251791943918976
7.205,0.251780430790441
7.2075,0.251769408629418
7.21,0.251758879957322
7.2125,0.251748847126947
7.215,0.251739312321898
7.2175,0.25173027755608
7.22,0.251721744673253
7.2225,0.251713715346632
7.225,0.251706191078558
7.2275,0.251699173200217
7.23,0.251692662871421
7.2325,0.251686661080444
7.235,0.251681168643921
7.2375,0.2516761862068
7.24,0.251671714242353
7.2425,0.251667753052242
7.245,0.251664302766651
7.2475,0.251661363344463
7.25,0.251658934573505
7.2525,0.251657016070844
7.255,0.25165560728314
7.2575,0.251654707487061
7.26,0.251654315789746
7.2625,0.251654431129334
7.265,0.251655052275539
7.2675,0.251656177830289
7.27,0.251657806228414
7.2725,0.251659935738398
7.275,0.251662564463183
7.2775,0.251665690341023
7.28,0.251669311146392
7.2825,0.251673424490952
7.285,0.251678027824566
7.2875,0.251683118436364
7.29,0.251688693455873
7.2925,0.251694749853908
7.295,0.251701284444248
7.2975,0.25170829388462
7.3,0.25171577467816
7.3025,0.251723723174783
7.305,0.251732135572613
7.3075,0.251741007919457
7.31,0.25175033611433
7.3125,0.251760115909023
7.315,0.251770342909729
7.3175,0.251781012578702
7.32,0.251792120235972
7.3225,0.251803661061102
7.325,0.251815630094988
7.3275,0.251828022241708
7.33,0.25184083227041
7.3325,0.251854054817245
7.335,0.25186768438734
7.3375,0.251881715356817
7.34,0.251896141974844
7.3425,0.251910958365737
7.345,0.251926158531092
7.3475,0.251941736351959
7.35,0.251957685591054
7.3525,0.251973999895006
7.355,0.251990672796644
7.3575,0.252007697717312
7.36,0.252025067969223
7.3625,0.252042776757852
7.365,0.252060817184346
7.3675,0.252079182247983
7.37,0.252097864848653
7.3725,0.252116857789368
7.375,0.252136153778804
7.3775,0.252155745433873
7.38,0.252175625282321
7.3825,0.252195785765348
7.385,0.25221621924026
7.3875,0.252236917983143
7.39,0.252257874191559
7.3925,0.252279079987272
7.395,0.25230052741898
7.3975,0.252322208465091
7.4,0.252344115036496
7.4025,0.252366238979375
7.405,0.25238857207802
7.4075,0.252411106057667
7.41,0.252433832587354
7.4125,0.252456743282785
7.415,0.252479829709218
7.4175,0.252503083384354
7.42,0.252526495781252
7.4225,0.252550058331242
7.425,0.252573762426859
7.4275,0.252597599424775
7.43,0.252621560648754
7.4325,0.252645637392596
7.435,0.252669820923106
7.4375,0.252694102483052
7.44,0.252718473294137
7.4425,0.252742924559972
7.445,0.252767447469047
7.4475,0.252792033197711
7.45,0.252816672913145
7.4525,0.252841357776336
7.455,0.252866078945053
7.4575,0.252890827576814
7.46,0.252915594831855
7.4625,0.252940371876089
7.465,0.252965149884065
7.4675,0.252989920041912
7.47,0.253014673550286
7.4725,0.253039401627297
7.475,0.253064095511435
7.4775,0.253088746464482
7.48,0.253113345774409
7.4825,0.253137884758266
7.485,0.253162354765053
7.4875,0.253186747178583
7.49,0.253211053420323
7.4925,0.253235264952223
7.495,0.253259373279526
7.4975,0.253283369953558
7.5,0.253307246574503
7.5025,0.253330994794156
7.505,0.253354606318654
7.5075,0.253378072911186
7.51,0.253401386394679
7.5125,0.253424538654466
7.515,0.25344752164092
7.5175,0.253470327372069
7.52,0.253492947936185
7.5225,0.253515375494344
7.525,0.253537602282962
7.5275,0.253559620616294
7.53,0.253581422888918
7.5325,0.253603001578173
7.535,0.253624349246576
7.5375,0.253645458544204
7.54,0.253666322211044
7.5425,0.253686933079309
7.545,0.253707284075723
7.5475,0.253727368223764
7.55,0.253747178645881
7.5525,0.253766708565666
7.555,0.253785951309997
7.5575,0.25380490031114
7.56,0.253823549108807
7.5625,0.253841891352189
7.565,0.253859920801935
7.5675,0.253877631332101
7.57,0.253895016932054
7.5725,0.253912071708335
7.575,0.253928789886482
7.5775,0.253945165812807
7.58,0.253961193956138
7.5825,0.253976868909504
7.585,0.253992185391794
7.5875,0.254007138249353
7.59,0.254021722457548
7.5925,0.25403593312228
7.595,0.254049765481454
7.5975,0.254063214906401
7.6,0.254076276903254
7.6025,0.254088947114277
7.605,0.254101221319146
7.6075,0.254113095436185
7.61,0.254124565523549
7.6125,0.254135627780363
7.615,0.254146278547807
7.6175,0.254156514310161
7.62,0.254166331695789
7.6225,0.254175727478082
7.625,0.254184698576349
7.6275,0.254193242056656
7.63,0.254201355132616
7.6325,0.254209035166128
7.635,0.254216279668066
7.6375,0.254223086298916
7.64,0.254229452869366
7.6425,0.254235377340836
7.645,0.254240857825967
7.6475,0.25424589258905
7.65,0.254250480046412
7.6525,0.254254618766743
7.655,0.254258307471373
7.6575,0.254261545034504
7.66,0.254264330483378
7.6625,0.254266662998408
7.665,0.254268541913246
7.6675,0.254269966714805
7.67,0.254270937043228
7.6725,0.254271452691804
7.675,0.254271513606838
7.6775,0.254271119887466
7.68,0.254270271785418
7.6825,0.25426896970473
7.685,0.254267214201411
7.6875,0.254265005983054
7.69,0.254262345908396
7.6925,0.254259234986832
7.695,0.254255674377878
7.6975,0.25425166539058
7.7,0.254247209482879
7.7025,0.254242308260928
7.705,0.254236963478351
7.7075,0.254231177035464
7.71,0.254224950978444
7.7125,0.254218287498447
7.715,0.25421118893068
7.7175,0.254203657753434
7.72,0.254195696586922
7.7225,0.254187308192223
7.725,0.254178495470368
7.7275,0.254169261461111
7.73,0.254159609341728
7.7325,0.25414954242577
7.735,0.254139064161771
7.7375,0.254128178131911
7.74,0.254116888050641
7.7425,0.254105197763258
7.745,0.254093111244447
7.7475,0.254080632596771
7.75,0.254067766049131
7.7525,0.254054515955178
7.755,0.254040886791688
7.7575,0.254026883156896
7.76,0.254012509768796
7.7625,0.2539977714634
7.765,0.253982673192956
7.7675,0.253967220024138
7.77,0.253951417136191
7.7725,0.253935269819048
7.775,0.253918783471409
7.7775,0.253901963598786
7.78,0.253884815811512
7.7825,0.253867345822725
7.785,0.253849559446316
7.7875,0.253831462594841
7.79,0.25381306127741
7.7925,0.253794361597548
7.795,0.253775369751013
7.7975,0.253756092023606
7.8,0.253736534788938
7.8025,0.253716704506176
7.805,0.253696607717767
7.8075,0.253676251047128
7.81,0.253655641196323
7.8125,0.253634784943706
7.815,0.25361368914155
7.8175,0.253592360713649
7.82,0.253570806652902
7.8225,0.253549034018875
7.825,0.253527049935344
7.8275,0.253504861587824
7.83,0.253482476221074
7.8325,0.253459901136589
7.835,0.253437143690077
7.8375,0.253414211288919
7.84,0.253391111389615
7.8425,0.253367851495221
7.845,0.253344439152766
7.8475,0.253320881950668
7.85,0.253297187516127
7.8525,0.253273363512521
7.855,0.253249417636785
7.8575,0.253225357616785
7.86,0.253201191208684
7.8625,0.253176926194304
7.865,0.253152570378482
7.8675,0.253128131586418
7.87,0.25310361766103
7.8725,0.253079036460291
7.875,0.253054395854579
7.8775,0.25302970372402
7.88,0.253004967955828
7.8825,0.252980196441655
7.885,0.252955397074932
7.8875,0.252930577748224
7.89,0.252905746350579
7.8925,0.252880910764891
7.895,0.252856078865259
7.8975,0.25283125851436
7.9,0.252806457560824
7.9025,0.252781683836622
7.905,0.252756945154461
7.9075,0.252732249305183
7.91,0.252707604055185
7.9125,0.252683017143845
7.915,0.25265849628096
7.9175,0.2526340491442
7.92,0.252609683376575
7.9225,0.252585406583915
7.925,0.252561226332368
7.9275,0.252537150145917
7.93,0.252513185503907
7.9325,0.252489339838602
7.935,0.25246562053275
7.9375,0.252442034917172
7.94,0.25241859026837
7.9425,0.252395293806161
7.945,0.252372152691324
7.9475,0.25234917402328
7.95,0.252326364837791
7.9525,0.252303732104681
7.955,0.252281282725584
7.9575,0.252259023531724
7.96,0.252236961281712
7.9625,0.252215102659373
7.965,0.252193454271608
7.9675,0.252172022646275
7.97,0.252150814230103
7.9725,0.25212983538664
7.975,0.252109092394226
7.9775,0.252088591443998
7.98,0.252068338637932
7.9825,0.252048339986911
7.985,0.252028601408829
7.9875,0.25200912872673
7.99,0.251989927666981
7.9925,0.251971003857475
7.995,0.251952362825877
7.9975,0.251934009997901
8,0.251915950695625
8.0025,0.25189819013584
8.005,0.251880733428446
8.0075,0.25186358557487
8.01,0.251846751466541
8.0125,0.251830235883388
8.015,0.251814043492386
8.0175,0.251798178846144
8.02,0.251782646381521
8.0225,0.251767450418297
8.025,0.251752595157879
8.0275,0.251738084682043
8.03,0.25172392295173
8.0325,0.251710113805871
8.035,0.251696660960265
8.0375,0.251683568006492
8.04,0.251670838410878
8.0425,0.25165847551349
8.045,0.251646482527191
8.0475,0.251634862536724
8.05,0.251623618497852
8.0525,0.251612753236532
8.055,0.251602269448143
8.0575,0.251592169696753
8.06,0.251582456414434
8.0625,0.251573131900617
8.065,0.251564198321501
8.0675,0.2515556577095
8.07,0.251547511962738
8.0725,0.251539762844593
8.075,0.251532411983278
8.0775,0.25152546087148
8.08,0.251518910866035
8.0825,0.251512763187654
8.085,0.251507018920693
8.0875,0.251501679012967
8.09,0.251496744275621
8.0925,0.251492215383027
8.095,0.25148809287275
8.0975,0.25148437714554
8.1,0.251481068465384
8.1025,0.251478166959595
8.105,0.251475672618954
8.1075,0.251473585297888
8.11,0.251471904714705
8.1125,0.251470630451865
8.115,0.251469761956299
8.1175,0.251469298539779
8.12,0.251469239379321
8.1225,0.251469583517642
8.125,0.251470329863662
8.1275,0.25147147719304
8.13,0.251473024148768
8.1325,0.251474969241797
8.135,0.251477310851712
8.1375,0.25148004722745
8.14,0.251483176488059
8.1425,0.251486696623503
8.145,0.251490605495504
8.1475,0.25149490083843
8.15,0.251499580260359
8.1525,0.251504641244046
8.155,0.251510081147711
8.1575,0.251515897206175
8.16,0.251522086531941
8.1625,0.251528646116329
8.165,0.251535572830648
8.1675,0.251542863427407
8.17,0.251550514541559
8.1725,0.251558522691789
8.175,0.251566884281835
8.1775,0.251575595601842
8.18,0.251584652829762
8.1825,0.251594052032782
8.185,0.251603789168787
8.1875,0.251613860087865
8.19,0.251624260533837
8.1925,0.251634986145829
8.195,0.251646032459867
8.1975,0.25165739491052
8.2,0.251669068832556
8.2025,0.251681049462642
8.205,0.251693331941075
8.2075,0.251705911313533
8.21,0.251718782532867
8.2125,0.251731940460912
8.215,0.251745379870335
8.2175,0.251759095446503
8.22,0.251773081789384
8.2225,0.251787333415465
8.225,0.251801844759711
8.2275,0.251816610177529
8.23,0.251831623946773
8.2325,0.251846880269766
8.235,0.251862373275339
8.2375,0.251878097020904
8.24,0.251894045494536
8.2425,0.251910212617084
8.245,0.251926592244298
8.2475,0.251943178168978
8.25,0.251959964123135
8.2525,0.251976943780178
8.255,0.251994110757108
8.2575,0.252011458616742
8.26,0.252028980869935
8.2625,0.252046670977829
8.265,0.252064522354114
8.2675,0.252082528367296
8.27,0.252100682342984
8.2725,0.252118977566182
8.275,0.252137407283599
8.2775,0.252155964705963
8.28,0.252174643010344
8.2825,0.252193435342492
8.285,0.25221233481917
8.2875,0.252231334530509
8.29,0.252250427542356
8.2925,0.252269606898633
8.295,0.252288865623699
8.2975,0.252308196724717
8.3,0.252327593194023
8.3025,0.252347048011491
8.305,0.252366554146911
8.3075,0.252386104562355
8.31,0.252405692214553
8.3125,0.252425310057257
8.315,0.252444951043614
8.3175,0.252464608128526
8.32,0.252484274271012
8.3225,0.252503942436568
8.325,0.252523605599511
8.3275,0.252543256745333
8.33,0.25256288887303
8.3325,0.252582494997439
8.335,0.252602068151557
8.3375,0.252621601388856
8.34,0.252641087785586
8.3425,0.252660520443064
8.345,0.25267989248996
8.3475,0.252699197084563
8.35,0.252718427417035
8.3525,0.252737576711657
8.355,0.252756638229049
8.3575,0.25277560526839
8.36,0.252794471169612
8.3625,0.252813229315579
8.365,0.252831873134254
8.3675,0.252850396100841
8.37,0.252868791739913
8.3725,0.252887053627518
8.375,0.252905175393269
8.3775,0.252923150722406
8.38,0.252940973357843
8.3825,0.252958637102192
8.385,0.25297613581976
8.3875,0.252993463438528
8.39,0.253010613952105
8.3925,0.253027581421652
8.395,0.253044359977786
8.3975,0.253060943822462
8.4,0.253077327230816
8.4025,0.253093504552994
8.405,0.253109470215945
8.4075,0.253125218725192
8.41,0.253140744666568
8.4125,0.253156042707925
8.415,0.25317110760082
8.4175,0.253185934182158
8.42,0.253200517375815
8.4225,0.253214852194224
8.425,0.253228933739932
8.4275,0.253242757207122
8.43,0.253256317883103
8.4325,0.253269611149772
8.435,0.253282632485033
8.4375,0.253295377464188
8.44,0.253307841761295
8.4425,0.253320021150483
8.445,0.253331911507244
8.4475,0.253343508809674
8.45,0.253354809139695
8.4525,0.253365808684223
8.455,0.253376503736316
8.4575,0.25338689069627
8.46,0.253396966072691
8.4625,0.253406726483517
8.465,0.253416168657009
8.4675,0.253425289432707
8.47,0.253434085762335
8.4725,0.253442554710682
8.475,0.253450693456431
8.4775,0.25345849929296
8.48,0.253465969629093
8.4825,0.253473101989821
8.485,0.253479894016972
8.4875,0.253486343469855
8.49,0.25349244822585
8.4925,0.253498206280966
8.495,0.253503615750356
8.4975,0.253508674868791
8.5,0.253513381991094
8.5025,0.253517735592534
8.505,0.253521734269174
8.5075,0.253525376738187
8.51,0.253528661838122
8.5125,0.253531588529137
8.515,0.25353415589318
8.5175,0.253536363134145
8.52,0.253538209577967
8.5225,0.253539694672696
8.525,0.253540817988514
8.5275,0.253541579217721
8.53,0.253541978174675
8.5325,0.253542014795693
8.535,0.25354168913891
8.5375,0.253541001384101
8.54,0.253539951832455
8.5425,0.253538540906319
8.545,0.253536769148889
8.5475,0.253534637223877
8.55,0.253532145915118
8.5525,0.253529296126157
8.555,0.253526088879783
8.5575,0.253522525317529
8.56,0.253518606699133
8.5625,0.253514334401957
8.565,0.253509709920369
8.5675,0.253504734865092
8.57,0.253499410962502
8.5725,0.253493740053903
8.575,0.253487724094751
8.5775,0.253481365153839
8.58,0.253474665412286
8.5825,0.25346762716274
8.585,0.253460252808579
8.5875,0.253452544862943
8.59,0.253444505947753
8.5925,0.253436138792683
8.595,0.253427446234102
8.5975,0.253418431213985
8.6,0.253409096778779
8.6025,0.253399446078249
8.605,0.253389482364281
8.6075,0.253379208989657
8.61,0.253368629406795
8.6125,0.25335774716646
8.615,0.253346565916439
8.6175,0.253335089400185
8.62,0.253323321455437
8.6225,0.253311266012808
8.625,0.253298927094345
8.6275,0.253286308812055
8.63,0.25327341536641
8.6325,0.253260251044822
8.635,0.253246820220084
8.6375,0.253233127348799
8.64,0.253219176969766
8.6425,0.253204973702355
8.645,0.253190522244847
8.6475,0.253175827372756
8.65,0.253160893937125
8.6525,0.253145726862796
8.655,0.253130331146665
8.6575,0.253114711855906
8.66,0.253098874126183
8.6625,0.253082823159834
8.665,0.253066564224036
8.6675,0.253050102648957
8.67,0.253033443825881
8.6725,0.253016593205323
8.675,0.252999556295117
8.6775,0.252982338658496
8.68,0.252964945912151
8.6825,0.252947383724281
8.685,0.252929657812616
8.6875,0.252911773942439
8.69,0.252893737924587
8.6925,0.252875555613444
8.695,0.252857232904915
8.6975,0.252838775734399
8.7,0.252820190074742
8.7025,0.252801481934184
8.705,0.2527826573543
8.7075,0.252763722407924
8.71,0.252744683197077
8.7125,0.252725545850876
8.715,0.252706316523445
8.7175,0.252687001391817
8.72,0.252667606653831
8.7225,0.252648138526028
8.725,0.252628603241535
8.7275,0.252609007047961
8.73,0.252589356205272
8.7325,0.252569656983685
8.735,0.252549915661542
8.7375,0.2525301385232
8.74,0.252510331856909
8.7425,0.252490501952705
8.745,0.252470655100289
8.7475,0.252450797586923
8.75,0.252430935695325
8.7525,0.252411075701561
8.755,0.252391223872957
8.7575,0.252371386466001
8.76,0.252351569724261
8.7625,0.25233177987631
8.765,0.25231202313365
8.7675,0.252292305688655
8.77,0.252272633712519
8.7725,0.252253013353211
8.775,0.252233450733449
8.7775,0.252213951948676
8.78,0.252194523065052
8.7825,0.252175170117455
8.785,0.252155899107502
8.7875,0.252136716001576
8.79,0.252117626728869
8.7925,0.252098637179448
8.795,0.252079753202325
8.7975,0.252060980603549
8.8,0.252042325144319
8.8025,0.252023792539108
8.805,0.252005388453805
8.8075,0.251987118503883
8.81,0.25196898825258
8.8125,0.251951003209099
8.815,0.251933168826836
8.8175,0.25191549050162
8.82,0.251897973569982
8.8225,0.251880623307441
8.825,0.251863444926816
8.8275,0.251846443576561
8.83,0.25182962433912
8.8325,0.251812992229313
8.835,0.25179655219274
8.8375,0.251780309104216
8.84,0.251764267766228
8.8425,0.25174843290742
8.845,0.251732809181105
8.8475,0.2517174011638
8.85,0.2517022133538
8.8525,0.251687250169764
8.855,0.251672515949345
8.8575,0.251658014947837
8.86,0.25164375133686
8.8625,0.251629729203069
8.865,0.251615952546899
8.8675,0.251602425281333
8.87,0.251589151230706
8.8725,0.251576134129542
8.875,0.251563377621419
8.8775,0.251550885257866
8.88,0.251538660497295
8.8825,0.251526706703961
8.885,0.251515027146963
8.8875,0.25150362499927
8.89,0.251492503336785
8.8925,0.251481665137441
8.895,0.251471113280332
8.8975,0.251460850544879
8.9,0.251450879610028
8.9025,0.251441203053485
8.905,0.251431823350987
8.9075,0.251422742875605
8.91,0.251413963897081
8.9125,0.251405488581209
8.915,0.251397318989243
8.9175,0.251389457077345
8.92,0.251381904696065
8.9225,0.251374663589864
8.925,0.251367735396667
8.9275,0.251361121647456
8.93,0.251354823765897
8.9325,0.251348843068003
8.935,0.251343180761837
8.9375,0.251337837947252
8.94,0.25133281561566
8.9425,0.251328114649844
8.945,0.251323735823812
8.9475,0.251319679802671
8.95,0.251315947142558
8.9525,0.251312538290589
8.955,0.251309453584861
8.9575,0.251306693254476
8.96,0.251304257419614
8.9625,0.251302146091632
8.965,0.25130035917321
8.9675,0.251298896458519
8.97,0.251297757633444
8.9725,0.251296942275821
8.975,0.251296449855734
8.9775,0.251296279735823
8.98,0.251296431171651
8.9825,0.251296903312086
8.985,0.251297695199734
8.9875,0.251298805771399
8.99,0.251300233858577
8.9925,0.251301978187991
8.995,0.251304037382154
8.9975,0.251306409959969
9,0.251309094337366
9.0025,0.251312088827966
9.005,0.251315391643781
9.0075,0.251319000895995
9.01,0.251322914595897
9.0125,0.251327130655549
9.015,0.251331646888512
9.0175,0.251336461010726
9.02,0.251341570641398
9.0225,0.251346973303934
9.025,0.251352666426891
9.0275,0.25135864734497
9.03,0.251364913300034
9.0325,0.251371461442153
9.035,0.251378288830687
9.0375,0.251385392435389
9.04,0.251392769137539
9.0425,0.251400415731112
9.045,0.251408328923967
9.0475,0.251416505339063
9.05,0.25142494151571
9.0525,0.251433633910835
9.055,0.251442578900281
9.0575,0.251451772780137
9.06,0.251461211768083
9.0625,0.251470892004764
9.065,0.251480809555186
9.0675,0.251490960410139
9.07,0.251501340487634
9.0725,0.251511945634374
9.075,0.251522771627238
9.0775,0.25153381417479
9.08,0.251545068918812
9.0825,0.251556531435847
9.085,0.251568197238779
9.0875,0.251580061778411
9.09,0.251592120445082
9.0925,0.251604368570289
9.095,0.251616801428329
9.0975,0.251629414237964
9.1,0.251642202164095
9.1025,0.251655160319456
9.105,0.251668283766321
9.1075,0.251681567518231
9.11,0.251695006541723
9.1125,0.251708595758089
9.115,0.251722330045134
9.1175,0.251736204238953
9.12,0.251750213135718
9.1225,0.251764351493477
9.125,0.251778614033962
9.1275,0.251792995444406
9.13,0.251807490379374
9.1325,0.251822093462596
9.135,0.251836799288812
9.1375,0.251851602425625
9.14,0.251866497415354
9.1425,0.251881478776906
9.145,0.251896541007637
9.1475,0.251911678585233
9.15,0.251926885969584
9.1525,0.251942157604667
9.155,0.251957487920431
9.1575,0.251972871334683
9.16,0.25198830225498
9.1625,0.252003775080512
9.165,0.252019284203996
9.1675,0.252034824013566
9.17,0.252050388894659
9.1725,0.252065973231902
9.175,0.252081571410999
9.1775,0.252097177820609
9.18,0.252112786854228
9.1825,0.252128392912061
9.185,0.252143990402893
9.1875,0.252159573745951
9.19,0.252175137372762
9.1925,0.25219067572901
9.195,0.252206183276372
9.1975,0.252221654494358
9.2,0.252237083882138
9.2025,0.252252465960358
9.205,0.252267795272953
9.2075,0.252283066388943
9.21,0.252298273904226
9.2125,0.252313412443349
9.215,0.252328476661281
9.2175,0.252343461245157
9.22,0.252358360916024
9.2225,0.252373170430564
9.225,0.252387884582808
9.2275,0.252402498205827
9.23,0.252417006173421
9.2325,0.252431403401779
9.235,0.252445684851133
9.2375,0.252459845527383
9.24,0.25247388048372
9.2425,0.252487784822217
9.245,0.252501553695411
9.2475,0.252515182307857
9.25,0.252528665917674
9.2525,0.25254199983806
9.255,0.252555179438795
9.2575,0.252568200147714
9.26,0.25258105745217
9.2625,0.252593746900465
9.265,0.252606264103262
9.2675,0.252618604734978
9.27,0.252630764535149
9.2725,0.252642739309772
9.275,0.252654524932625
9.2775,0.25266611734656
9.28,0.252677512564776
9.2825,0.25268870667206
9.285,0.252699695826004
9.2875,0.252710476258202
9.29,0.252721044275415
9.2925,0.252731396260707
9.295,0.252741528674561
9.2975,0.252751438055963
9.3,0.252761121023457
9.3025,0.252770574276177
9.305,0.252779794594847
9.3075,0.252788778842749
9.31,0.252797523966672
9.3125,0.252806026997821
9.315,0.252814285052704
9.3175,0.252822295333984
9.32,0.252830055131306
9.3225,0.252837561822088
9.325,0.252844812872288
9.3275,0.252851805837134
9.33,0.252858538361826
9.3325,0.252865008182209
9.335,0.252871213125413
9.3375,0.252877151110457
9.34,0.252882820148829
9.3425,0.25288821834503
9.345,0.252893343897085
9.3475,0.252898195097028
9.35,0.252902770331346
9.3525,0.252907068081395
9.355,0.252911086923791
9.3575,0.252914825530751
9.36,0.252918282670421
9.3625,0.252921457207156
9.365,0.25292434810178
9.3675,0.252926954411799
9.37,0.252929275291596
9.3725,0.252931309992584
9.375,0.252933057863327
9.3775,0.252934518349634
9.38,0.252935690994613
9.3825,0.252936575438697
9.385,0.252937171419635
9.3875,0.252937478772452
9.39,0.252937497429375
9.3925,0.25293722741973
9.395,0.252936668869798
9.3975,0.25293582200265
9.4,0.252934687137941
9.4025,0.252933264691677
9.405,0.252931555175945
9.4075,0.252929559198619
9.41,0.252927277463024
9.4125,0.252924710767579
9.415,0.252921860005398
9.4175,0.25291872616387
9.42,0.252915310324201
9.4225,0.252911613660926
9.425,0.252907637441396
9.4275,0.252903383025224
9.43,0.252898851863712
9.4325,0.25289404549924
9.435,0.252888965564768
9.4375,0.252883613782916
9.44,0.252877991965426
9.4425,0.252872102012291
9.445,0.252865945911101
9.4475,0.25285952573626
9.45,0.252852843648178
9.4525,0.252845901892431
9.455,0.252838702798895
9.4575,0.252831248780854
9.46,0.252823542334079
9.4625,0.252815586035883
9.465,0.252807382544149
9.4675,0.252798934596329
9.47,0.252790245008424
9.4725,0.252781316673934
9.475,0.252772152562785
9.4775,0.252762755720233
9.48,0.252753129265738
9.4825,0.252743276391828
9.485,0.252733200362925
9.4875,0.252722904514154
9.49,0.252712392250138
9.4925,0.252701667043757
9.495,0.252690732434895
9.4975,0.252679592029166
9.5,0.252668249496614
9.5025,0.252656708570401
9.505,0.252644973045468
9.5075,0.25263304677718
9.51,0.252620933679952
9.5125,0.252608637725856
9.515,0.252596162943212
9.5175,0.252583513415164
9.52,0.252570693278238
9.5225,0.252557706720884
9.525,0.252544557982001
9.5275,0.252531251349451
9.53,0.252517791158557
9.5325,0.252504181790581
9.535,0.2524904276712
9.5375,0.252476533268959
9.54,0.252462503093718
9.5425,0.252448341695083
9.545,0.252434053660828
9.5475,0.252419643615305
9.55,0.252405116217849
9.5525,0.25239047616116
9.555,0.252375728169696
9.5575,0.252360876998037
9.56,0.252345927429255
9.5625,0.252330884273272
9.565,0.252315752365209
9.5675,0.252300536563733
9.57,0.252285241749395
9.5725,0.252269872822965
9.575,0.252254434703758
9.5775,0.252238932327965
9.58,0.252223370646972
9.5825,0.252207754625675
9.585,0.252192089240806
9.5875,0.252176379479238
9.59,0.252160630336307
9.5925,0.252144846814119
9.595,0.252129033919867
9.5975,0.252113196664143
9.6,0.252097340059253
9.6025,0.252081469117534
9.605,0.25206558884967
9.6075,0.252049704263018
9.61,0.252033820359927
9.6125,0.252017942136071
9.615,0.252002074578781
9.6175,0.251986222665381
9.62,0.251970391361533
9.6225,0.251954585619584
9.625,0.251938810376926
9.6275,0.251923070554361
9.63,0.251907371054467
9.6325,0.251891716759981
9.635,0.251876112532186
9.6375,0.251860563209308
9.64,0.251845073604922
9.6425,0.251829648506372
9.645,0.251814292673197
9.6475,0.251799010835575
9.65,0.251783807692768
9.6525,0.251768687911593
9.655,0.251753656124893
9.6575,0.251738716930035
9.66,0.251723874887406
9.6625,0.251709134518939
9.665,0.251694500306643
9.6675,0.251679976691152
9.67,0.251665568070293
9.6725,0.251651278797663
9.675,0.251637113181231
9.6775,0.251623075481949
9.68,0.251609169912388
9.6825,0.251595400635386
9.685,0.251581771762721
9.6875,0.251568287353795
9.69,0.251554951414344
9.6925,0.251541767895163
9.695,0.251528740690857
9.6975,0.251515873638603
9.7,0.251503170516946
9.7025,0.251490635044601
9.705,0.251478270879292
9.7075,0.2514660816166
9.71,0.251454070788841
9.7125,0.251442241863967
9.715,0.251430598244484
9.7175,0.251419143266399
9.72,0.251407880198189
9.7225,0.251396812239792
9.725,0.251385942521627
9.7275,0.251375274103635
9.73,0.251364809974343
9.7325,0.25135455304996
9.735,0.251344506173493
9.7375,0.251334672113887
9.74,0.251325053565198
9.7425,0.251315653145788
9.745,0.251306473397543
9.7475,0.251297516785128
9.75,0.251288785695255
9.7525,0.251280282435991
9.755,0.251272009236085
9.7575,0.251263968244327
9.76,0.251256161528929
9.7625,0.251248591076944
9.765,0.251241258793703
9.7675,0.251234166502282
9.77,0.251227315943005
9.7725,0.251220708772963
9.775,0.251214346565574
9.7775,0.251208230810161
9.78,0.251202362911569
9.7825,0.2511967441898
9.785,0.251191375879686
9.7875,0.251186259130584
9.79,0.251181395006108
9.7925,0.251176784483883
9.795,0.25117242845533
9.7975,0.251168327725483
9.8,0.251164483012831
9.8025,0.251160894949194
9.805,0.251157564079622
9.8075,0.251154490862331
9.81,0.251151675668663
9.8125,0.251149118783072
9.815,0.25114682040315
9.8175,0.251144780639671
9.82,0.251142999516671
9.8225,0.251141476971554
9.825,0.251140212855225
9.8275,0.251139206932259
9.83,0.25113845888109
9.8325,0.251137968294236
9.835,0.251137734678545
9.8375,0.25113775745548
9.84,0.251138035961419
9.8425,0.251138569447995
9.845,0.251139357082456
9.8475,0.251140397948058
9.85,0.251141691044484
9.8525,0.251143235288286
9.855,0.251145029513363
9.8575,0.251147072471458
9.86,0.251149362832689
9.8625,0.251151899186097
9.865,0.251154680040137
9.8675,0.25115770382355
9.87,0.251160968885764
9.8725,0.251164473497708
9.875,0.251168215852399
9.8775,0.251172194065643
9.88,0.251176406176777
9.8825,0.251180850149423
9.885,0.251185523872273
9.8875,0.251190425159894
9.89,0.251195551753563
9.8925,0.251200901322119
9.895,0.251206471462842
9.8975,0.251212259702352
9.9,0.251218263497533
9.9025,0.251224480236478
9.905,0.251230907239459
9.9075,0.251237541759909
9.91,0.251244380985439
9.9125,0.251251422038864
9.915,0.251258661979255
9.9175,0.251266097803009
9.92,0.25127372644494
9.9225,0.251281544779389
9.925,0.251289549621353
9.9275,0.251297737727629
9.93,0.251306105797982
9.9325,0.251314650476326
9.935,0.251323368351922
9.9375,0.251332255960597
9.94,0.251341309785977
9.9425,0.251350526260738
9.945,0.251359901767869
9.9475,0.251369432641949
9.95,0.251379115170445
9.9525,0.251388945595014
9.955,0.251398920112829
9.9575,0.251409034877909
9.96,0.251419286002468
9.9625,0.251429669558273
9.965,0.251440181578015
9.9675,0.251450818056693
9.97,0.251461574953004
9.9725,0.251472448190749
9.975,0.251483433660245
9.9775,0.251494527219746
9.98,0.251505724696879
9.9825,0.251517021890079
9.985,0.251528414570039
9.9875,0.251539898481164
9.99,0.251551469343036
9.9925,0.251563122851879
9.995,0.251574854682033
9.9975,0.251586660487438
10,0.251598535903115
