0,0,0,0,0,0,0,0,0,0,0,0
0,0,0.018286,0,0,0,0,0,0,0,0,0
0,0,0.036571,0,0,0,0,0,0,0,0,0
0,0,0.054857,0,0,0,0,0,0,0,0,0
0,0,0.073143,0,0,0,0,0,0,0,0,0
0,0,0.091429,0,0,0,0,0,0,0,0,0
0,0,0.10971,0,0,0,0,0,0,0,0,0
0,0,0.128,0,0,0,0,0,0,0,0,0
0,0,0.14629,0,0,0,0,0,0,0,0,0
0,0,0.16457,0,0,0,0,0,0,0,0,0
0,0,0.18286,0,0,0,0,0,0,0,0,0
0,0,0.20114,0,0,0,0,0,0,0,0,0
0,0,0.21943,0,0,0,0,0,0,0,0,0
0,0,0.23771,0,0,0,0,0,0,0,0,0
0,0,0.256,0,0,0,0,0,0,0,0,0
0,0,0.27429,0,0,0,0,0,0,0,0,0
0,0,0.29257,0,0,0,0,0,0,0,0,0
0,0,0.31086,0,0,0,0,0,0,0,0,0
0,0,0.32914,0,0,0,0,0,0,0,0,0
0,0,0.34743,0,0,0,0,0,0,0,0,0
0,0,0.36571,0,0,0,0,0,0,0,0,0
0,0,0.384,0,0,0,0,0,0,0,0,0
0,0,0.40229,0,0,0,0,0,0,0,0,0
0,0,0.42057,0,0,0,0,0,0,0,0,0
0,0,0.43886,0,0,0,0,0,0,0,0,0
0,0,0.45714,0,0,0,0,0,0,0,0,0
0,0,0.47543,0,0,0,0,0,0,0,0,0
0,0,0.49371,0,0,0,0,0,0,0,0,0
0,0,0.512,0,0,0,0,0,0,0,0,0
0,0,0.53029,0,0,0,0,0,0,0,0,0
0,0,0.54857,0,0,0,0,0,0,0,0,0
0,0,0.56686,0,0,0,0,0,0,0,0,0
0,0,0.58514,0,0,0,0,0,0,0,0,0
0,0,0.60343,0,0,0,0,0,0,0,0,0
0,0,0.62171,0,0,0,0,0,0,0,0,0
0,0,0.64,0,0,0,0,0,0,0,0,0
0,0,0.65829,0,0,0,0,0,0,0,0,0
0,0,0.67657,0,0,0,0,0,0,0,0,0
0,0,0.69486,0,0,0,0,0,0,0,0,0
0,0,0.71314,0,0,0,0,0,0,0,0,0
0,0,0.73143,0,0,0,0,0,0,0,0,0
0,0,0.74971,0,0,0,0,0,0,0,0,0
0,0,0.768,0,0,0,0,0,0,0,0,0
0,0,0.78629,0,0,0,0,0,0,0,0,0
0,0,0.80457,0,0,0,0,0,0,0,0,0
0,0,0.82286,0,0,0,0,0,0,0,0,0
0,0,0.84114,0,0,0,0,0,0,0,0,0
0,0,0.85943,0,0,0,0,0,0,0,0,0
0,0,0.87771,0,0,0,0,0,0,0,0,0
0,0,0.896,0,0,0,0,0,0,0,0,0
0,0,0.91429,0,0,0,0,0,0,0,0,0
0,0,0.93257,0,0,0,0,0,0,0,0,0
0,0,0.95086,0,0,0,0,0,0,0,0,0
0,0,0.96914,0,0,0,0,0,0,0,0,0
0,0,0.98743,0,0,0,0,0,0,0,0,0
0.011429,0,1,0,0,0,0,0,0,0,0,0
0.048,0,1,0,0,0,0,0,0,0,0,0
0.084571,0,1,0,0,0,0,0,0,0,0,0
0.12114,0,1,0,0,0,0,0,0,0,0,0
0.15771,0,1,0,0,0,0,0,0,0,0,0
0.19429,0,1,0,0,0,0,0,0,0,0,0
0.23086,0,1,0,0,0,0,0,0,0,0,0
0.26743,0,1,0,0,0,0,0,0,0,0,0
0.304,0,1,0,0,0,0,0,0,0,0,0
0.34057,0,1,0,0,0,0,0,0,0,0,0
0.37714,0,1,0,0,0,0,0,0,0,0,0
0.41371,0,1,0,0,0,0,0,0,0,0,0
0.45029,0,1,0,0,0,0,0,0,0,0,0
0.48686,0,1,0,0,0,0,0,0,0,0,0
0.52343,0,1,0,0,0,0,0,0,0,0,0
0.56,0,1,0,0,0,0,0,0,0,0,0
0.59657,0,1,0,0,0,0,0,0,0,0,0
0.63314,0,1,0,0,0,0,0,0,0,0,0
0.66971,0,1,0,0,0,0,0,0,0,0,0
0.70629,0,1,0,0,0,0,0,0,0,0,0
0.74286,0,1,0,0,0,0,0,0,0,0,0
0.77943,0,1,0,0,0,0,0,0,0,0,0
0.816,0,1,0,0,0,0,0,0,0,0,0
0.85257,0,1,0,0,0,0,0,0,0,0,0
0.88914,0,1,0,0,0,0,0,0,0,0,0
0.92571,0,1,0,0,0,0,0,0,0,0,0
0.96229,0,1,0,0,0,0,0,0,0,0,0
0.99886,0,1,0,0,0,0,0,0,0,0,0
1.0354,0,1,0,0,0,0,0,0,0,0,0
1.072,0,1,0,0,0,0,0,0,0,0,0
1.1086,0,1,0,0,0,0,0,0,0,0,0
1.1451,0,1,0,0,0,0,0,0,0,0,0
1.1817,0,1,0,0,0,0,0,0,0,0,0
1.2183,0,1,0,0,0,0,0,0,0,0,0
1.2549,0,1,0,0,0,0,0,0,0,0,0
1.2914,0,1,0,0,0,0,0,0,0,0,0
1.328,0,1,0,0,0,0,0,0,0,0,0
1.3646,0,1,0,0,0,0,0,0,0,0,0
1.4011,0,1,0,0,0,0,0,0,0,0,0
1.4377,0,1,0,0,0,0,0,0,0,0,0
1.4743,0,1,0,0,0,0,0,0,0,0,0
1.5109,0,1,0,0,0,0,0,0,0,0,0
1.5474,0,1,0,0,0,0,0,0,0,0,0
1.584,0,1,0,0,0,0,0,0,0,0,0
1.6206,0,1,0,0,0,0,0,0,0,0,0
1.6571,0,1,0,0,0,0,0,0,0,0,0
1.6937,0,1,0,0,0,0,0,0,0,0,0
1.7303,0,1,0,0,0,0,0,0,0,0,0
1.7669,0,1,0,0,0,0,0,0,0,0,0
1.8034,0,1,0,0,0,0,0,0,0,0,0
1.84,0,1,0,0,0,0,0,0,0,0,0
1.8766,0,1,0,0,0,0,0,0,0,0,0
1.9131,0,1,0,0,0,0,0,0,0,0,0
1.9497,0,1,0,0,0,0,0,0,0,0,0
1.9863,0,1,0,0,0,0,0,0,0,0,0
2,0,1,0,0,0,0,0,0,0,0,0
2,0,1,0,0,0,0,0,0,0,0,0
2,0,1,0,0,0,0,0,0,0,0,0
2,0,1,0,0,0,0,0,0,0,0,0
2,0,1,0,0,0,0,0,0,0,0,0
2,0,1,0,0,0,0,0,0,0,0,0
2,0,1,0,0,0,0,0,0,0,0,0
2,0,1,0,0,0,0,0,0,0,0,0
2,0,1,0,0,0,0,0,0,0,0,0
2,0,1,0,0,0,0,0,0,0,0,0
2,0,1,0,0,0,0,0,0,0,0,0
2,0,1,0,0,0,0,0,0,0,0,0
2,0,1,0,0,0,0,0,0,0,0,0
2,0,1,0,0,0,0,0,0,0,0,0
2,0,1,0,0,0,0,0,0,0,0,0
2,0,1,0,0,0,0,0,0,0,0,0
2,0,1,0,0,0,0,0,0,0,0,0
2,0,1,0,0,0,0,0,0,0,0,0
2,0,1,0,0,0,0,0,0,0,0,0
2,0,1,0,0,0,0,0,0,0,0,0
2,0,1,0,0,0,0,0,0,0,0,0
2,0,1,0,0,0,0,0,0,0,0,0
2,0,1,0,0,0,0,0,0,0,0,0
2,0,1,0,0,0,0,0,0,0,0,0
2,0,1,0,0,0,0,0,0,0,0,0
2,0,1,0,0,0,0,0,0,0,0,0
2,0,1,0,0,0,0,0,0,0,0,0
2,0,1,0,0,0,0,0,0,0,0,0
2,0,1,0,0,0,0,0,0,0,0,0
2,0,1,0,0,0,0,0,0,0,0,0
2,0,1,0,0,0,0,0,0,0,0,0
2,0,1,0,0,0,0,0,0,0,0,0
2,0,1,0,0,0,0,0,0,0,0,0
2,0,1,0,0,0,0,0,0,0,0,0
2,0,1,0,0,0,0,0,0,0,0,0
2,0,1,0,0,0,0,0,0,0,0,0
2,0,1,0,0,0,0,0,0,0,0,0
2,0,1,0,0,0,0,0,0,0,0,0
2,0,1,0,0,0,0,0,0,0,0,0
2,0,1,0,0,0,0,0,0,0,0,0
2,0,1,0,0,0,0,0,0,0,0,0
2,0,1,0,0,0,0,0,0,0,0,0
2,0,1,0,0,0,0,0,0,0,0,0
2,0,1,0,0,0,0,0,0,0,0,0
2,0,1,0,0,0,0,0,0,0,0,0
2,0,1,0,0,0,0,0,0,0,0,0
2,0,1,0,0,0,0,0,0,0,0,0
2,0,1,0,0,0,0,0,0,0,0,0
2,0,1,0,0,0,0,0,0,0,0,0
2,0,1,0,0,0,0,0,0,0,0,0
2,0,1,0,0,0,0,0,0,0,0,0
2,0,1,0,0,0,0,0,0,0,0,0
2,0,1,0,0,0,0,0,0,0,0,0
2,0,1,0,0,0,0,0,0,0,0,0
2,0,1,0,0,0,0,0,0,0,0,0
2,0,1,0,0,0,0,0,0,0,0,0
2,0,1,0,0,0,0,0,0,0,0,0
2,0,1,0,0,0,0,0,0,0,0,0
2,0,1,0,0,0,0,0,0,0,0,0
2,0,1,0,0,0,0,0,0,0,0,0
2,0,1,0,0,0,0,0,0,0,0,0
2,0,1,0,0,0,0,0,0,0,0,0
2,0,1,0,0,0,0,0,0,0,0,0
2,0,1,0,0,0,0,0,0,0,0,0
2,0,1,0,0,0,0,0,0,0,0,0
2,0,1,0,0,0,0,0,0,0,0,0
2,0,1,0,0,0,0,0,0,0,0,0
2,0,1,0,0,0,0,0,0,0,0,0
2,0,1,0,0,0,0,0,0,0,0,0
2,0,1,0,0,0,0,0,0,0,0,0
2,0,1,0,0,0,0,0,0,0,0,0
2,0,1,0,0,0,0,0,0,0,0,0
2,0,1,0,0,0,0,0,0,0,0,0
2,0,1,0,0,0,0,0,0,0,0,0
2,0,1,0,0,0,0,0,0,0,0,0
2,0,1,0,0,0,0,0,0,0,0,0
2,0,1,0,0,0,0,0,0,0,0,0
2,0,1,0,0,0,0,0,0,0,0,0
2,0,1,0,0,0,0,0,0,0,0,0
2,0,1,0,0,0,0,0,0,0,0,0
2,0,1,0,0,0,0,0,0,0,0,0
2,0,1,0,0,0,0,0,0,0,0,0
2,0,1,0,0,0,0,0,0,0,0,0
2,0,1,0,0,0,0,0,0,0,0,0
2,0,1,0,0,0,0,0,0,0,0,0
2,0,1,0,0,0,0,0,0,0,0,0
2,0,1,0,0,0,0,0,0,0,0,0
2,0,1,0,0,0,0,0,0,0,0,0
2,0,1,0,0,0,0,0,0,0,0,0
2,0,1,0,0,0,0,0,0,0,0,0
2,0,1,0,0,0,0,0,0,0,0,0
2,0,1,0,0,0,0,0,0,0,0,0
2,0,1,0,0,0,0,0,0,0,0,0
2,0,1,0,0,0,0,0,0,0,0,0
2,0,1,0,0,0,0,0,0,0,0,0
2,0,1,0,0,0,0,0,0,0,0,0
2,0,1,0,0,0,0,0,0,0,0,0
2,0,1,0,0,0,0,0,0,0,0,0
2,0,1,0,0,0,0,0,0,0,0,0
2,0,1,0,0,0,0,0,0,0,0,0
2,0,1,0,0,0,0,0,0,0,0,0
2,0,1,0,0,0,0,0,0,0,0,0
2,0,1,0,0,0,0,0,0,0,0,0
2,0,1,0,0,0,0,0,0,0,0,0
2,0,1,0,0,0,0,0,0,0,0,0
2,0,1,0,0,0,0,0,0,0,0,0
2,0,1,0,0,0,0,0,0,0,0,0
2,0,1,0,0,0,0,0,0,0,0,0
2,0,1,0,0,0,0,0,0,0,0,0
2,0,1.0023,0,0,0,0,0,0,0,0,0
2,0,1.0114,0,0,0,0,0,0,0,0,0
2,0,1.0206,0,0,0,0,0,0,0,0,0
2,0,1.0297,0,0,0,0,0,0,0,0,0
2,0,1.0389,0,0,0,0,0,0,0,0,0
2,0,1.048,0,0,0,0,0,0,0,0,0
2,0,1.0571,0,0,0,0,0,0,0,0,0
2,0,1.0663,0,0,0,0,0,0,0,0,0
2,0,1.0754,0,0,0,0,0,0,0,0,0
2,0,1.0846,0,0,0,0,0,0,0,0,0
2,0,1.0937,0,0,0,0,0,0,0,0,0
2,0,1.1029,0,0,0,0,0,0,0,0,0
2,0,1.112,0,0,0,0,0,0,0,0,0
2,0,1.1211,0,0,0,0,0,0,0,0,0
2,0,1.1303,0,0,0,0,0,0,0,0,0
2,0,1.1394,0,0,0,0,0,0,0,0,0
2,0,1.1486,0,0,0,0,0,0,0,0,0
2,0,1.1577,0,0,0,0,0,0,0,0,0
2,0,1.1669,0,0,0,0,0,0,0,0,0
2,0,1.176,0,0,0,0,0,0,0,0,0
2,0,1.1851,0,0,0,0,0,0,0,0,0
2,0,1.1943,0,0,0,0,0,0,0,0,0
2,0,1.2034,0,0,0,0,0,0,0,0,0
2,0,1.2126,0,0,0,0,0,0,0,0,0
2,0,1.2217,0,0,0,0,0,0,0,0,0
2,0,1.2309,0,0,0,0,0,0,0,0,0
2,0,1.24,0,0,0,0,0,0,0,0,0
2,0,1.2491,0,0,0,0,0,0,0,0,0
2,0,1.2583,0,0,0,0,0,0,0,0,0
2,0,1.2674,0,0,0,0,0,0,0,0,0
2,0,1.2766,0,0,0,0,0,0,0,0,0
2,0,1.2857,0,0,0,0,0,0,0,0,0
2,0,1.2949,0,0,0,0,0,0,0,0,0
2,0,1.304,0,0,0,0,0,0,0,0,0
2,0,1.3131,0,0,0,0,0,0,0,0,0
2,0,1.3223,0,0,0,0,0,0,0,0,0
2,0,1.3314,0,0,0,0,0,0,0,0,0
2,0,1.3406,0,0,0,0,0,0,0,0,0
2,0,1.3497,0,0,0,0,0,0,0,0,0
2,0,1.3589,0,0,0,0,0,0,0,0,0
2,0,1.368,0,0,0,0,0,0,0,0,0
2,0,1.3771,0,0,0,0,0,0,0,0,0
2,0,1.3863,0,0,0,0,0,0,0,0,0
2,0,1.3954,0,0,0,0,0,0,0,0,0
2,0,1.4046,0,0,0,0,0,0,0,0,0
2,0,1.4137,0,0,0,0,0,0,0,0,0
2,0,1.4229,0,0,0,0,0,0,0,0,0
2,0,1.432,0,0,0,0,0,0,0,0,0
2,0,1.4411,0,0,0,0,0,0,0,0,0
2,0,1.4503,0,0,0,0,0,0,0,0,0
2,0,1.4594,0,0,0,0,0,0,0,0,0
2,0,1.4686,0,0,0,0,0,0,0,0,0
2,0,1.4777,0,0,0,0,0,0,0,0,0
2,0,1.4869,0,0,0,0,0,0,0,0,0
2,0,1.496,0,0,0,0,0,0,0,0,0
1.9964,0,1.5,0,0,0,0,0,0,0,0,0
1.99,0,1.5,0,0,0,0,0,0,0,0,0
1.9836,0,1.5,0,0,0,0,0,0,0,0,0
1.9772,0,1.5,0,0,0,0,0,0,0,0,0
1.9708,0,1.5,0,0,0,0,0,0,0,0,0
1.9644,0,1.5,0,0,0,0,0,0,0,0,0
1.958,0,1.5,0,0,0,0,0,0,0,0,0
1.9516,0,1.5,0,0,0,0,0,0,0,0,0
1.9452,0,1.5,0,0,0,0,0,0,0,0,0
1.9388,0,1.5,0,0,0,0,0,0,0,0,0
1.9324,0,1.5,0,0,0,0,0,0,0,0,0
1.926,0,1.5,0,0,0,0,0,0,0,0,0
1.9196,0,1.5,0,0,0,0,0,0,0,0,0
1.9132,0,1.5,0,0,0,0,0,0,0,0,0
1.9068,0,1.5,0,0,0,0,0,0,0,0,0
1.9004,0,1.5,0,0,0,0,0,0,0,0,0
1.894,0,1.5,0,0,0,0,0,0,0,0,0
1.8876,0,1.5,0,0,0,0,0,0,0,0,0
1.8812,0,1.5,0,0,0,0,0,0,0,0,0
1.8748,0,1.5,0,0,0,0,0,0,0,0,0
1.8684,0,1.5,0,0,0,0,0,0,0,0,0
1.862,0,1.5,0,0,0,0,0,0,0,0,0
1.8556,0,1.5,0,0,0,0,0,0,0,0,0
1.8492,0,1.5,0,0,0,0,0,0,0,0,0
1.8428,0,1.5,0,0,0,0,0,0,0,0,0
1.8364,0,1.5,0,0,0,0,0,0,0,0,0
1.83,0,1.5,0,0,0,0,0,0,0,0,0
1.8236,0,1.5,0,0,0,0,0,0,0,0,0
1.8172,0,1.5,0,0,0,0,0,0,0,0,0
1.8108,0,1.5,0,0,0,0,0,0,0,0,0
1.8044,0,1.5,0,0,0,0,0,0,0,0,0
1.798,0,1.5,0,0,0,0,0,0,0,0,0
1.7916,0,1.5,0,0,0,0,0,0,0,0,0
1.7852,0,1.5,0,0,0,0,0,0,0,0,0
1.7788,0,1.5,0,0,0,0,0,0,0,0,0
1.7724,0,1.5,0,0,0,0,0,0,0,0,0
1.766,0,1.5,0,0,0,0,0,0,0,0,0
1.7596,0,1.5,0,0,0,0,0,0,0,0,0
1.7532,0,1.5,0,0,0,0,0,0,0,0,0
1.7468,0,1.5,0,0,0,0,0,0,0,0,0
1.7404,0,1.5,0,0,0,0,0,0,0,0,0
1.734,0,1.5,0,0,0,0,0,0,0,0,0
1.7276,0,1.5,0,0,0,0,0,0,0,0,0
1.7212,0,1.5,0,0,0,0,0,0,0,0,0
1.7148,0,1.5,0,0,0,0,0,0,0,0,0
1.7084,0,1.5,0,0,0,0,0,0,0,0,0
1.702,0,1.5,0,0,0,0,0,0,0,0,0
1.6956,0,1.5,0,0,0,0,0,0,0,0,0
1.6892,0,1.5,0,0,0,0,0,0,0,0,0
1.6828,0,1.5,0,0,0,0,0,0,0,0,0
1.6764,0,1.5,0,0,0,0,0,0,0,0,0
1.67,0,1.5,0,0,0,0,0,0,0,0,0
1.6636,0,1.5,0,0,0,0,0,0,0,0,0
1.6572,0,1.5,0,0,0,0,0,0,0,0,0
1.6508,0,1.5,0,0,0,0,0,0,0,0,0
1.65,0,1.496,0,0,0,0,0,0,0,0,0
1.65,0,1.4914,0,0,0,0,0,0,0,0,0
1.65,0,1.4869,0,0,0,0,0,0,0,0,0
1.65,0,1.4823,0,0,0,0,0,0,0,0,0
1.65,0,1.4777,0,0,0,0,0,0,0,0,0
1.65,0,1.4731,0,0,0,0,0,0,0,0,0
1.65,0,1.4686,0,0,0,0,0,0,0,0,0
1.65,0,1.464,0,0,0,0,0,0,0,0,0
1.65,0,1.4594,0,0,0,0,0,0,0,0,0
1.65,0,1.4549,0,0,0,0,0,0,0,0,0
1.65,0,1.4503,0,0,0,0,0,0,0,0,0
1.65,0,1.4457,0,0,0,0,0,0,0,0,0
1.65,0,1.4411,0,0,0,0,0,0,0,0,0
1.65,0,1.4366,0,0,0,0,0,0,0,0,0
1.65,0,1.432,0,0,0,0,0,0,0,0,0
1.65,0,1.4274,0,0,0,0,0,0,0,0,0
1.65,0,1.4229,0,0,0,0,0,0,0,0,0
1.65,0,1.4183,0,0,0,0,0,0,0,0,0
1.65,0,1.4137,0,0,0,0,0,0,0,0,0
1.65,0,1.4091,0,0,0,0,0,0,0,0,0
1.65,0,1.4046,0,0,0,0,0,0,0,0,0
1.65,0,1.4,0,0,0,0,0,0,0,0,0
1.65,0,1.3954,0,0,0,0,0,0,0,0,0
1.65,0,1.3909,0,0,0,0,0,0,0,0,0
1.65,0,1.3863,0,0,0,0,0,0,0,0,0
1.65,0,1.3817,0,0,0,0,0,0,0,0,0
1.65,0,1.3771,0,0,0,0,0,0,0,0,0
1.65,0,1.3726,0,0,0,0,0,0,0,0,0
1.65,0,1.368,0,0,0,0,0,0,0,0,0
1.65,0,1.3634,0,0,0,0,0,0,0,0,0
1.65,0,1.3589,0,0,0,0,0,0,0,0,0
1.65,0,1.3543,0,0,0,0,0,0,0,0,0
1.65,0,1.3497,0,0,0,0,0,0,0,0,0
1.65,0,1.3451,0,0,0,0,0,0,0,0,0
1.65,0,1.3406,0,0,0,0,0,0,0,0,0
1.65,0,1.336,0,0,0,0,0,0,0,0,0
1.65,0,1.3314,0,0,0,0,0,0,0,0,0
1.65,0,1.3269,0,0,0,0,0,0,0,0,0
1.65,0,1.3223,0,0,0,0,0,0,0,0,0
1.65,0,1.3177,0,0,0,0,0,0,0,0,0
1.65,0,1.3131,0,0,0,0,0,0,0,0,0
1.65,0,1.3086,0,0,0,0,0,0,0,0,0
1.65,0,1.304,0,0,0,0,0,0,0,0,0
1.65,0,1.2994,0,0,0,0,0,0,0,0,0
1.65,0,1.2949,0,0,0,0,0,0,0,0,0
1.65,0,1.2903,0,0,0,0,0,0,0,0,0
1.65,0,1.2857,0,0,0,0,0,0,0,0,0
1.65,0,1.2811,0,0,0,0,0,0,0,0,0
1.65,0,1.2766,0,0,0,0,0,0,0,0,0
1.65,0,1.272,0,0,0,0,0,0,0,0,0
1.65,0,1.2674,0,0,0,0,0,0,0,0,0
1.65,0,1.2629,0,0,0,0,0,0,0,0,0
1.65,0,1.2583,0,0,0,0,0,0,0,0,0
1.65,0,1.2537,0,0,0,0,0,0,0,0,0
1.6512,0,1.25,0,0,0,0,0,0,0,0,0
1.6576,0,1.25,0,0,0,0,0,0,0,0,0
1.664,0,1.25,0,0,0,0,0,0,0,0,0
1.6704,0,1.25,0,0,0,0,0,0,0,0,0
1.6768,0,1.25,0,0,0,0,0,0,0,0,0
1.6832,0,1.25,0,0,0,0,0,0,0,0,0
1.6896,0,1.25,0,0,0,0,0,0,0,0,0
1.696,0,1.25,0,0,0,0,0,0,0,0,0
1.7024,0,1.25,0,0,0,0,0,0,0,0,0
1.7088,0,1.25,0,0,0,0,0,0,0,0,0
1.7152,0,1.25,0,0,0,0,0,0,0,0,0
1.7216,0,1.25,0,0,0,0,0,0,0,0,0
1.728,0,1.25,0,0,0,0,0,0,0,0,0
1.7344,0,1.25,0,0,0,0,0,0,0,0,0
1.7408,0,1.25,0,0,0,0,0,0,0,0,0
1.7472,0,1.25,0,0,0,0,0,0,0,0,0
1.7536,0,1.25,0,0,0,0,0,0,0,0,0
1.76,0,1.25,0,0,0,0,0,0,0,0,0
1.7664,0,1.25,0,0,0,0,0,0,0,0,0
1.7728,0,1.25,0,0,0,0,0,0,0,0,0
1.7792,0,1.25,0,0,0,0,0,0,0,0,0
1.7856,0,1.25,0,0,0,0,0,0,0,0,0
1.792,0,1.25,0,0,0,0,0,0,0,0,0
1.7984,0,1.25,0,0,0,0,0,0,0,0,0
1.8048,0,1.25,0,0,0,0,0,0,0,0,0
1.8112,0,1.25,0,0,0,0,0,0,0,0,0
1.8176,0,1.25,0,0,0,0,0,0,0,0,0
1.824,0,1.25,0,0,0,0,0,0,0,0,0
1.8304,0,1.25,0,0,0,0,0,0,0,0,0
1.8368,0,1.25,0,0,0,0,0,0,0,0,0
1.8432,0,1.25,0,0,0,0,0,0,0,0,0
1.8496,0,1.25,0,0,0,0,0,0,0,0,0
1.856,0,1.25,0,0,0,0,0,0,0,0,0
1.8624,0,1.25,0,0,0,0,0,0,0,0,0
1.8688,0,1.25,0,0,0,0,0,0,0,0,0
1.8752,0,1.25,0,0,0,0,0,0,0,0,0
1.8816,0,1.25,0,0,0,0,0,0,0,0,0
1.888,0,1.25,0,0,0,0,0,0,0,0,0
1.8944,0,1.25,0,0,0,0,0,0,0,0,0
1.9008,0,1.25,0,0,0,0,0,0,0,0,0
1.9072,0,1.25,0,0,0,0,0,0,0,0,0
1.9136,0,1.25,0,0,0,0,0,0,0,0,0
1.92,0,1.25,0,0,0,0,0,0,0,0,0
1.9264,0,1.25,0,0,0,0,0,0,0,0,0
1.9328,0,1.25,0,0,0,0,0,0,0,0,0
1.9392,0,1.25,0,0,0,0,0,0,0,0,0
1.9456,0,1.25,0,0,0,0,0,0,0,0,0
1.952,0,1.25,0,0,0,0,0,0,0,0,0
1.9584,0,1.25,0,0,0,0,0,0,0,0,0
1.9648,0,1.25,0,0,0,0,0,0,0,0,0
1.9712,0,1.25,0,0,0,0,0,0,0,0,0
1.9776,0,1.25,0,0,0,0,0,0,0,0,0
1.984,0,1.25,0,0,0,0,0,0,0,0,0
1.9904,0,1.25,0,0,0,0,0,0,0,0,0
1.9968,0,1.25,0,0,0,0,0,0,0,0,0
2,0,1.2477,0,0,0,0,0,0,0,0,0
2,0,1.2431,0,0,0,0,0,0,0,0,0
2,0,1.2386,0,0,0,0,0,0,0,0,0
2,0,1.234,0,0,0,0,0,0,0,0,0
2,0,1.2294,0,0,0,0,0,0,0,0,0
2,0,1.2249,0,0,0,0,0,0,0,0,0
2,0,1.2203,0,0,0,0,0,0,0,0,0
2,0,1.2157,0,0,0,0,0,0,0,0,0
2,0,1.2111,0,0,0,0,0,0,0,0,0
2,0,1.2066,0,0,0,0,0,0,0,0,0
2,0,1.202,0,0,0,0,0,0,0,0,0
2,0,1.1974,0,0,0,0,0,0,0,0,0
2,0,1.1929,0,0,0,0,0,0,0,0,0
2,0,1.1883,0,0,0,0,0,0,0,0,0
2,0,1.1837,0,0,0,0,0,0,0,0,0
2,0,1.1791,0,0,0,0,0,0,0,0,0
2,0,1.1746,0,0,0,0,0,0,0,0,0
2,0,1.17,0,0,0,0,0,0,0,0,0
2,0,1.1654,0,0,0,0,0,0,0,0,0
2,0,1.1609,0,0,0,0,0,0,0,0,0
2,0,1.1563,0,0,0,0,0,0,0,0,0
2,0,1.1517,0,0,0,0,0,0,0,0,0
2,0,1.1471,0,0,0,0,0,0,0,0,0
2,0,1.1426,0,0,0,0,0,0,0,0,0
2,0,1.138,0,0,0,0,0,0,0,0,0
2,0,1.1334,0,0,0,0,0,0,0,0,0
2,0,1.1289,0,0,0,0,0,0,0,0,0
2,0,1.1243,0,0,0,0,0,0,0,0,0
2,0,1.1197,0,0,0,0,0,0,0,0,0
2,0,1.1151,0,0,0,0,0,0,0,0,0
2,0,1.1106,0,0,0,0,0,0,0,0,0
2,0,1.106,0,0,0,0,0,0,0,0,0
2,0,1.1014,0,0,0,0,0,0,0,0,0
2,0,1.0969,0,0,0,0,0,0,0,0,0
2,0,1.0923,0,0,0,0,0,0,0,0,0
2,0,1.0877,0,0,0,0,0,0,0,0,0
2,0,1.0831,0,0,0,0,0,0,0,0,0
2,0,1.0786,0,0,0,0,0,0,0,0,0
2,0,1.074,0,0,0,0,0,0,0,0,0
2,0,1.0694,0,0,0,0,0,0,0,0,0
2,0,1.0649,0,0,0,0,0,0,0,0,0
2,0,1.0603,0,0,0,0,0,0,0,0,0
2,0,1.0557,0,0,0,0,0,0,0,0,0
2,0,1.0511,0,0,0,0,0,0,0,0,0
2,0,1.0466,0,0,0,0,0,0,0,0,0
2,0,1.042,0,0,0,0,0,0,0,0,0
2,0,1.0374,0,0,0,0,0,0,0,0,0
2,0,1.0329,0,0,0,0,0,0,0,0,0
2,0,1.0283,0,0,0,0,0,0,0,0,0
2,0,1.0237,0,0,0,0,0,0,0,0,0
2,0,1.0191,0,0,0,0,0,0,0,0,0
2,0,1.0146,0,0,0,0,0,0,0,0,0
2,0,1.01,0,0,0,0,0,0,0,0,0
2,0,1.0054,0,0,0,0,0,0,0,0,0
2,0,1.0009,0,0,0,0,0,0,0,0,0
1.9926,0,1,0,0,0,0,0,0,0,0,0
1.9834,0,1,0,0,0,0,0,0,0,0,0
1.9743,0,1,0,0,0,0,0,0,0,0,0
1.9651,0,1,0,0,0,0,0,0,0,0,0
1.956,0,1,0,0,0,0,0,0,0,0,0
1.9469,0,1,0,0,0,0,0,0,0,0,0
1.9377,0,1,0,0,0,0,0,0,0,0,0
1.9286,0,1,0,0,0,0,0,0,0,0,0
1.9194,0,1,0,0,0,0,0,0,0,0,0
1.9103,0,1,0,0,0,0,0,0,0,0,0
1.9011,0,1,0,0,0,0,0,0,0,0,0
1.892,0,1,0,0,0,0,0,0,0,0,0
1.8829,0,1,0,0,0,0,0,0,0,0,0
1.8737,0,1,0,0,0,0,0,0,0,0,0
1.8646,0,1,0,0,0,0,0,0,0,0,0
1.8554,0,1,0,0,0,0,0,0,0,0,0
1.8463,0,1,0,0,0,0,0,0,0,0,0
1.8371,0,1,0,0,0,0,0,0,0,0,0
1.828,0,1,0,0,0,0,0,0,0,0,0
1.8189,0,1,0,0,0,0,0,0,0,0,0
1.8097,0,1,0,0,0,0,0,0,0,0,0
1.8006,0,1,0,0,0,0,0,0,0,0,0
1.7914,0,1,0,0,0,0,0,0,0,0,0
1.7823,0,1,0,0,0,0,0,0,0,0,0
1.7731,0,1,0,0,0,0,0,0,0,0,0
1.764,0,1,0,0,0,0,0,0,0,0,0
1.7549,0,1,0,0,0,0,0,0,0,0,0
1.7457,0,1,0,0,0,0,0,0,0,0,0
1.7366,0,1,0,0,0,0,0,0,0,0,0
1.7274,0,1,0,0,0,0,0,0,0,0,0
1.7183,0,1,0,0,0,0,0,0,0,0,0
1.7091,0,1,0,0,0,0,0,0,0,0,0
1.7,0,1,0,0,0,0,0,0,0,0,0
1.6909,0,1,0,0,0,0,0,0,0,0,0
1.6817,0,1,0,0,0,0,0,0,0,0,0
1.6726,0,1,0,0,0,0,0,0,0,0,0
1.6634,0,1,0,0,0,0,0,0,0,0,0
1.6543,0,1,0,0,0,0,0,0,0,0,0
1.6451,0,1,0,0,0,0,0,0,0,0,0
1.636,0,1,0,0,0,0,0,0,0,0,0
1.6269,0,1,0,0,0,0,0,0,0,0,0
1.6177,0,1,0,0,0,0,0,0,0,0,0
1.6086,0,1,0,0,0,0,0,0,0,0,0
1.5994,0,1,0,0,0,0,0,0,0,0,0
1.5903,0,1,0,0,0,0,0,0,0,0,0
1.5811,0,1,0,0,0,0,0,0,0,0,0
1.572,0,1,0,0,0,0,0,0,0,0,0
1.5629,0,1,0,0,0,0,0,0,0,0,0
1.5537,0,1,0,0,0,0,0,0,0,0,0
1.5446,0,1,0,0,0,0,0,0,0,0,0
1.5354,0,1,0,0,0,0,0,0,0,0,0
1.5263,0,1,0,0,0,0,0,0,0,0,0
1.5171,0,1,0,0,0,0,0,0,0,0,0
1.508,0,1,0,0,0,0,0,0,0,0,0
1.5,0,1,0,0,0,0,0,0,0,0,0
1.5,0,1,0,0,0,0,0,0,0,0,0
1.5,0,1,0,0,0,0,0,0,0,0,0
1.5,0,1,0,0,0,0,0,0,0,0,0
1.5,0,1,0,0,0,0,0,0,0,0,0
1.5,0,1,0,0,0,0,0,0,0,0,0
1.5,0,1,0,0,0,0,0,0,0,0,0
1.5,0,1,0,0,0,0,0,0,0,0,0
1.5,0,1,0,0,0,0,0,0,0,0,0
1.5,0,1,0,0,0,0,0,0,0,0,0
1.5,0,1,0,0,0,0,0,0,0,0,0
1.5,0,1,0,0,0,0,0,0,0,0,0
1.5,0,1,0,0,0,0,0,0,0,0,0
1.5,0,1,0,0,0,0,0,0,0,0,0
1.5,0,1,0,0,0,0,0,0,0,0,0
1.5,0,1,0,0,0,0,0,0,0,0,0
1.5,0,1,0,0,0,0,0,0,0,0,0
1.5,0,1,0,0,0,0,0,0,0,0,0
1.5,0,1,0,0,0,0,0,0,0,0,0
1.5,0,1,0,0,0,0,0,0,0,0,0
1.5,0,1,0,0,0,0,0,0,0,0,0
1.5,0,1,0,0,0,0,0,0,0,0,0
1.5,0,1,0,0,0,0,0,0,0,0,0
1.5,0,1,0,0,0,0,0,0,0,0,0
1.5,0,1,0,0,0,0,0,0,0,0,0
1.5,0,1,0,0,0,0,0,0,0,0,0
1.5,0,1,0,0,0,0,0,0,0,0,0
1.5,0,1,0,0,0,0,0,0,0,0,0
1.5,0,1,0,0,0,0,0,0,0,0,0
1.5,0,1,0,0,0,0,0,0,0,0,0
1.5,0,1,0,0,0,0,0,0,0,0,0
1.5,0,1,0,0,0,0,0,0,0,0,0
1.5,0,1,0,0,0,0,0,0,0,0,0
1.5,0,1,0,0,0,0,0,0,0,0,0
1.5,0,1,0,0,0,0,0,0,0,0,0
1.5,0,1,0,0,0,0,0,0,0,0,0
1.5,0,1,0,0,0,0,0,0,0,0,0
1.5,0,1,0,0,0,0,0,0,0,0,0
1.5,0,1,0,0,0,0,0,0,0,0,0
1.5,0,1,0,0,0,0,0,0,0,0,0
1.5,0,1,0,0,0,0,0,0,0,0,0
1.5,0,1,0,0,0,0,0,0,0,0,0
1.5,0,1,0,0,0,0,0,0,0,0,0
1.5,0,1,0,0,0,0,0,0,0,0,0
1.5,0,1,0,0,0,0,0,0,0,0,0
1.5,0,1,0,0,0,0,0,0,0,0,0
1.5,0,1,0,0,0,0,0,0,0,0,0
1.5,0,1,0,0,0,0,0,0,0,0,0
1.5,0,1,0,0,0,0,0,0,0,0,0
1.5,0,1,0,0,0,0,0,0,0,0,0
1.5,0,1,0,0,0,0,0,0,0,0,0
1.5,0,1,0,0,0,0,0,0,0,0,0
1.5,0,1,0,0,0,0,0,0,0,0,0
1.5,0,1,0,0,0,0,0,0,0,0,0
1.5,0,1,0,0,0,0,0,0,0,0,0
1.5,0,1.004,0,0,0,0,0,0,0,0,0
1.5,0,1.0131,0,0,0,0,0,0,0,0,0
1.5,0,1.0223,0,0,0,0,0,0,0,0,0
1.5,0,1.0314,0,0,0,0,0,0,0,0,0
1.5,0,1.0406,0,0,0,0,0,0,0,0,0
1.5,0,1.0497,0,0,0,0,0,0,0,0,0
1.5,0,1.0589,0,0,0,0,0,0,0,0,0
1.5,0,1.068,0,0,0,0,0,0,0,0,0
1.5,0,1.0771,0,0,0,0,0,0,0,0,0
1.5,0,1.0863,0,0,0,0,0,0,0,0,0
1.5,0,1.0954,0,0,0,0,0,0,0,0,0
1.5,0,1.1046,0,0,0,0,0,0,0,0,0
1.5,0,1.1137,0,0,0,0,0,0,0,0,0
1.5,0,1.1229,0,0,0,0,0,0,0,0,0
1.5,0,1.132,0,0,0,0,0,0,0,0,0
1.5,0,1.1411,0,0,0,0,0,0,0,0,0
1.5,0,1.1503,0,0,0,0,0,0,0,0,0
1.5,0,1.1594,0,0,0,0,0,0,0,0,0
1.5,0,1.1686,0,0,0,0,0,0,0,0,0
1.5,0,1.1777,0,0,0,0,0,0,0,0,0
1.5,0,1.1869,0,0,0,0,0,0,0,0,0
1.5,0,1.196,0,0,0,0,0,0,0,0,0
1.5,0,1.2051,0,0,0,0,0,0,0,0,0
1.5,0,1.2143,0,0,0,0,0,0,0,0,0
1.5,0,1.2234,0,0,0,0,0,0,0,0,0
1.5,0,1.2326,0,0,0,0,0,0,0,0,0
1.5,0,1.2417,0,0,0,0,0,0,0,0,0
1.5,0,1.2509,0,0,0,0,0,0,0,0,0
1.5,0,1.26,0,0,0,0,0,0,0,0,0
1.5,0,1.2691,0,0,0,0,0,0,0,0,0
1.5,0,1.2783,0,0,0,0,0,0,0,0,0
1.5,0,1.2874,0,0,0,0,0,0,0,0,0
1.5,0,1.2966,0,0,0,0,0,0,0,0,0
1.5,0,1.3057,0,0,0,0,0,0,0,0,0
1.5,0,1.3149,0,0,0,0,0,0,0,0,0
1.5,0,1.324,0,0,0,0,0,0,0,0,0
1.5,0,1.3331,0,0,0,0,0,0,0,0,0
1.5,0,1.3423,0,0,0,0,0,0,0,0,0
1.5,0,1.3514,0,0,0,0,0,0,0,0,0
1.5,0,1.3606,0,0,0,0,0,0,0,0,0
1.5,0,1.3697,0,0,0,0,0,0,0,0,0
1.5,0,1.3789,0,0,0,0,0,0,0,0,0
1.5,0,1.388,0,0,0,0,0,0,0,0,0
1.5,0,1.3971,0,0,0,0,0,0,0,0,0
1.5,0,1.4063,0,0,0,0,0,0,0,0,0
1.5,0,1.4154,0,0,0,0,0,0,0,0,0
1.5,0,1.4246,0,0,0,0,0,0,0,0,0
1.5,0,1.4337,0,0,0,0,0,0,0,0,0
1.5,0,1.4429,0,0,0,0,0,0,0,0,0
1.5,0,1.452,0,0,0,0,0,0,0,0,0
1.5,0,1.4611,0,0,0,0,0,0,0,0,0
1.5,0,1.4703,0,0,0,0,0,0,0,0,0
1.5,0,1.4794,0,0,0,0,0,0,0,0,0
1.5,0,1.4886,0,0,0,0,0,0,0,0,0
1.5,0,1.4977,0,0,0,0,0,0,0,0,0
1.4952,0,1.5,0,0,0,0,0,0,0,0,0
1.4888,0,1.5,0,0,0,0,0,0,0,0,0
1.4824,0,1.5,0,0,0,0,0,0,0,0,0
1.476,0,1.5,0,0,0,0,0,0,0,0,0
1.4696,0,1.5,0,0,0,0,0,0,0,0,0
1.4632,0,1.5,0,0,0,0,0,0,0,0,0
1.4568,0,1.5,0,0,0,0,0,0,0,0,0
1.4504,0,1.5,0,0,0,0,0,0,0,0,0
1.444,0,1.5,0,0,0,0,0,0,0,0,0
1.4376,0,1.5,0,0,0,0,0,0,0,0,0
1.4312,0,1.5,0,0,0,0,0,0,0,0,0
1.4248,0,1.5,0,0,0,0,0,0,0,0,0
1.4184,0,1.5,0,0,0,0,0,0,0,0,0
1.412,0,1.5,0,0,0,0,0,0,0,0,0
1.4056,0,1.5,0,0,0,0,0,0,0,0,0
1.3992,0,1.5,0,0,0,0,0,0,0,0,0
1.3928,0,1.5,0,0,0,0,0,0,0,0,0
1.3864,0,1.5,0,0,0,0,0,0,0,0,0
1.38,0,1.5,0,0,0,0,0,0,0,0,0
1.3736,0,1.5,0,0,0,0,0,0,0,0,0
1.3672,0,1.5,0,0,0,0,0,0,0,0,0
1.3608,0,1.5,0,0,0,0,0,0,0,0,0
1.3544,0,1.5,0,0,0,0,0,0,0,0,0
1.348,0,1.5,0,0,0,0,0,0,0,0,0
1.3416,0,1.5,0,0,0,0,0,0,0,0,0
1.3352,0,1.5,0,0,0,0,0,0,0,0,0
1.3288,0,1.5,0,0,0,0,0,0,0,0,0
1.3224,0,1.5,0,0,0,0,0,0,0,0,0
1.316,0,1.5,0,0,0,0,0,0,0,0,0
1.3096,0,1.5,0,0,0,0,0,0,0,0,0
1.3032,0,1.5,0,0,0,0,0,0,0,0,0
1.2968,0,1.5,0,0,0,0,0,0,0,0,0
1.2904,0,1.5,0,0,0,0,0,0,0,0,0
1.284,0,1.5,0,0,0,0,0,0,0,0,0
1.2776,0,1.5,0,0,0,0,0,0,0,0,0
1.2712,0,1.5,0,0,0,0,0,0,0,0,0
1.2648,0,1.5,0,0,0,0,0,0,0,0,0
1.2584,0,1.5,0,0,0,0,0,0,0,0,0
1.252,0,1.5,0,0,0,0,0,0,0,0,0
1.2456,0,1.5,0,0,0,0,0,0,0,0,0
1.2392,0,1.5,0,0,0,0,0,0,0,0,0
1.2328,0,1.5,0,0,0,0,0,0,0,0,0
1.2264,0,1.5,0,0,0,0,0,0,0,0,0
1.22,0,1.5,0,0,0,0,0,0,0,0,0
1.2136,0,1.5,0,0,0,0,0,0,0,0,0
1.2072,0,1.5,0,0,0,0,0,0,0,0,0
1.2008,0,1.5,0,0,0,0,0,0,0,0,0
1.1944,0,1.5,0,0,0,0,0,0,0,0,0
1.188,0,1.5,0,0,0,0,0,0,0,0,0
1.1816,0,1.5,0,0,0,0,0,0,0,0,0
1.1752,0,1.5,0,0,0,0,0,0,0,0,0
1.1688,0,1.5,0,0,0,0,0,0,0,0,0
1.1624,0,1.5,0,0,0,0,0,0,0,0,0
1.156,0,1.5,0,0,0,0,0,0,0,0,0
1.15,0,1.4997,0,0,0,0,0,0,0,0,0
1.15,0,1.4951,0,0,0,0,0,0,0,0,0
1.15,0,1.4906,0,0,0,0,0,0,0,0,0
1.15,0,1.486,0,0,0,0,0,0,0,0,0
1.15,0,1.4814,0,0,0,0,0,0,0,0,0
1.15,0,1.4769,0,0,0,0,0,0,0,0,0
1.15,0,1.4723,0,0,0,0,0,0,0,0,0
1.15,0,1.4677,0,0,0,0,0,0,0,0,0
1.15,0,1.4631,0,0,0,0,0,0,0,0,0
1.15,0,1.4586,0,0,0,0,0,0,0,0,0
1.15,0,1.454,0,0,0,0,0,0,0,0,0
1.15,0,1.4494,0,0,0,0,0,0,0,0,0
1.15,0,1.4449,0,0,0,0,0,0,0,0,0
1.15,0,1.4403,0,0,0,0,0,0,0,0,0
1.15,0,1.4357,0,0,0,0,0,0,0,0,0
1.15,0,1.4311,0,0,0,0,0,0,0,0,0
1.15,0,1.4266,0,0,0,0,0,0,0,0,0
1.15,0,1.422,0,0,0,0,0,0,0,0,0
1.15,0,1.4174,0,0,0,0,0,0,0,0,0
1.15,0,1.4129,0,0,0,0,0,0,0,0,0
1.15,0,1.4083,0,0,0,0,0,0,0,0,0
1.15,0,1.4037,0,0,0,0,0,0,0,0,0
1.15,0,1.3991,0,0,0,0,0,0,0,0,0
1.15,0,1.3946,0,0,0,0,0,0,0,0,0
1.15,0,1.39,0,0,0,0,0,0,0,0,0
1.15,0,1.3854,0,0,0,0,0,0,0,0,0
1.15,0,1.3809,0,0,0,0,0,0,0,0,0
1.15,0,1.3763,0,0,0,0,0,0,0,0,0
1.15,0,1.3717,0,0,0,0,0,0,0,0,0
1.15,0,1.3671,0,0,0,0,0,0,0,0,0
1.15,0,1.3626,0,0,0,0,0,0,0,0,0
1.15,0,1.358,0,0,0,0,0,0,0,0,0
1.15,0,1.3534,0,0,0,0,0,0,0,0,0
1.15,0,1.3489,0,0,0,0,0,0,0,0,0
1.15,0,1.3443,0,0,0,0,0,0,0,0,0
1.15,0,1.3397,0,0,0,0,0,0,0,0,0
1.15,0,1.3351,0,0,0,0,0,0,0,0,0
1.15,0,1.3306,0,0,0,0,0,0,0,0,0
1.15,0,1.326,0,0,0,0,0,0,0,0,0
1.15,0,1.3214,0,0,0,0,0,0,0,0,0
1.15,0,1.3169,0,0,0,0,0,0,0,0,0
1.15,0,1.3123,0,0,0,0,0,0,0,0,0
1.15,0,1.3077,0,0,0,0,0,0,0,0,0
1.15,0,1.3031,0,0,0,0,0,0,0,0,0
1.15,0,1.2986,0,0,0,0,0,0,0,0,0
1.15,0,1.294,0,0,0,0,0,0,0,0,0
1.15,0,1.2894,0,0,0,0,0,0,0,0,0
1.15,0,1.2849,0,0,0,0,0,0,0,0,0
1.15,0,1.2803,0,0,0,0,0,0,0,0,0
1.15,0,1.2757,0,0,0,0,0,0,0,0,0
1.15,0,1.2711,0,0,0,0,0,0,0,0,0
1.15,0,1.2666,0,0,0,0,0,0,0,0,0
1.15,0,1.262,0,0,0,0,0,0,0,0,0
1.15,0,1.2574,0,0,0,0,0,0,0,0,0
1.15,0,1.2529,0,0,0,0,0,0,0,0,0
1.1524,0,1.25,0,0,0,0,0,0,0,0,0
1.1588,0,1.25,0,0,0,0,0,0,0,0,0
1.1652,0,1.25,0,0,0,0,0,0,0,0,0
1.1716,0,1.25,0,0,0,0,0,0,0,0,0
1.178,0,1.25,0,0,0,0,0,0,0,0,0
1.1844,0,1.25,0,0,0,0,0,0,0,0,0
1.1908,0,1.25,0,0,0,0,0,0,0,0,0
1.1972,0,1.25,0,0,0,0,0,0,0,0,0
1.2036,0,1.25,0,0,0,0,0,0,0,0,0
1.21,0,1.25,0,0,0,0,0,0,0,0,0
1.2164,0,1.25,0,0,0,0,0,0,0,0,0
1.2228,0,1.25,0,0,0,0,0,0,0,0,0
1.2292,0,1.25,0,0,0,0,0,0,0,0,0
1.2356,0,1.25,0,0,0,0,0,0,0,0,0
1.242,0,1.25,0,0,0,0,0,0,0,0,0
1.2484,0,1.25,0,0,0,0,0,0,0,0,0
1.2548,0,1.25,0,0,0,0,0,0,0,0,0
1.2612,0,1.25,0,0,0,0,0,0,0,0,0
1.2676,0,1.25,0,0,0,0,0,0,0,0,0
1.274,0,1.25,0,0,0,0,0,0,0,0,0
1.2804,0,1.25,0,0,0,0,0,0,0,0,0
1.2868,0,1.25,0,0,0,0,0,0,0,0,0
1.2932,0,1.25,0,0,0,0,0,0,0,0,0
1.2996,0,1.25,0,0,0,0,0,0,0,0,0
1.306,0,1.25,0,0,0,0,0,0,0,0,0
1.3124,0,1.25,0,0,0,0,0,0,0,0,0
1.3188,0,1.25,0,0,0,0,0,0,0,0,0
1.3252,0,1.25,0,0,0,0,0,0,0,0,0
1.3316,0,1.25,0,0,0,0,0,0,0,0,0
1.338,0,1.25,0,0,0,0,0,0,0,0,0
1.3444,0,1.25,0,0,0,0,0,0,0,0,0
1.3508,0,1.25,0,0,0,0,0,0,0,0,0
1.3572,0,1.25,0,0,0,0,0,0,0,0,0
1.3636,0,1.25,0,0,0,0,0,0,0,0,0
1.37,0,1.25,0,0,0,0,0,0,0,0,0
1.3764,0,1.25,0,0,0,0,0,0,0,0,0
1.3828,0,1.25,0,0,0,0,0,0,0,0,0
1.3892,0,1.25,0,0,0,0,0,0,0,0,0
1.3956,0,1.25,0,0,0,0,0,0,0,0,0
1.402,0,1.25,0,0,0,0,0,0,0,0,0
1.4084,0,1.25,0,0,0,0,0,0,0,0,0
1.4148,0,1.25,0,0,0,0,0,0,0,0,0
1.4212,0,1.25,0,0,0,0,0,0,0,0,0
1.4276,0,1.25,0,0,0,0,0,0,0,0,0
1.434,0,1.25,0,0,0,0,0,0,0,0,0
1.4404,0,1.25,0,0,0,0,0,0,0,0,0
1.4468,0,1.25,0,0,0,0,0,0,0,0,0
1.4532,0,1.25,0,0,0,0,0,0,0,0,0
1.4596,0,1.25,0,0,0,0,0,0,0,0,0
1.466,0,1.25,0,0,0,0,0,0,0,0,0
1.4724,0,1.25,0,0,0,0,0,0,0,0,0
1.4788,0,1.25,0,0,0,0,0,0,0,0,0
1.4852,0,1.25,0,0,0,0,0,0,0,0,0
1.4916,0,1.25,0,0,0,0,0,0,0,0,0
1.498,0,1.25,0,0,0,0,0,0,0,0,0
1.4956,0,1.2469,0,0,0,0,0,0,0,0,0
1.4892,0,1.2423,0,0,0,0,0,0,0,0,0
1.4828,0,1.2377,0,0,0,0,0,0,0,0,0
1.4764,0,1.2331,0,0,0,0,0,0,0,0,0
1.47,0,1.2286,0,0,0,0,0,0,0,0,0
1.4636,0,1.224,0,0,0,0,0,0,0,0,0
1.4572,0,1.2194,0,0,0,0,0,0,0,0,0
1.4508,0,1.2149,0,0,0,0,0,0,0,0,0
1.4444,0,1.2103,0,0,0,0,0,0,0,0,0
1.438,0,1.2057,0,0,0,0,0,0,0,0,0
1.4316,0,1.2011,0,0,0,0,0,0,0,0,0
1.4252,0,1.1966,0,0,0,0,0,0,0,0,0
1.4188,0,1.192,0,0,0,0,0,0,0,0,0
1.4124,0,1.1874,0,0,0,0,0,0,0,0,0
1.406,0,1.1829,0,0,0,0,0,0,0,0,0
1.3996,0,1.1783,0,0,0,0,0,0,0,0,0
1.3932,0,1.1737,0,0,0,0,0,0,0,0,0
1.3868,0,1.1691,0,0,0,0,0,0,0,0,0
1.3804,0,1.1646,0,0,0,0,0,0,0,0,0
1.374,0,1.16,0,0,0,0,0,0,0,0,0
1.3676,0,1.1554,0,0,0,0,0,0,0,0,0
1.3612,0,1.1509,0,0,0,0,0,0,0,0,0
1.3548,0,1.1463,0,0,0,0,0,0,0,0,0
1.3484,0,1.1417,0,0,0,0,0,0,0,0,0
1.342,0,1.1371,0,0,0,0,0,0,0,0,0
1.3356,0,1.1326,0,0,0,0,0,0,0,0,0
1.3292,0,1.128,0,0,0,0,0,0,0,0,0
1.3228,0,1.1234,0,0,0,0,0,0,0,0,0
1.3164,0,1.1189,0,0,0,0,0,0,0,0,0
1.31,0,1.1143,0,0,0,0,0,0,0,0,0
1.3036,0,1.1097,0,0,0,0,0,0,0,0,0
1.2972,0,1.1051,0,0,0,0,0,0,0,0,0
1.2908,0,1.1006,0,0,0,0,0,0,0,0,0
1.2844,0,1.096,0,0,0,0,0,0,0,0,0
1.278,0,1.0914,0,0,0,0,0,0,0,0,0
1.2716,0,1.0869,0,0,0,0,0,0,0,0,0
1.2652,0,1.0823,0,0,0,0,0,0,0,0,0
1.2588,0,1.0777,0,0,0,0,0,0,0,0,0
1.2524,0,1.0731,0,0,0,0,0,0,0,0,0
1.246,0,1.0686,0,0,0,0,0,0,0,0,0
1.2396,0,1.064,0,0,0,0,0,0,0,0,0
1.2332,0,1.0594,0,0,0,0,0,0,0,0,0
1.2268,0,1.0549,0,0,0,0,0,0,0,0,0
1.2204,0,1.0503,0,0,0,0,0,0,0,0,0
1.214,0,1.0457,0,0,0,0,0,0,0,0,0
1.2076,0,1.0411,0,0,0,0,0,0,0,0,0
1.2012,0,1.0366,0,0,0,0,0,0,0,0,0
1.1948,0,1.032,0,0,0,0,0,0,0,0,0
1.1884,0,1.0274,0,0,0,0,0,0,0,0,0
1.182,0,1.0229,0,0,0,0,0,0,0,0,0
1.1756,0,1.0183,0,0,0,0,0,0,0,0,0
1.1692,0,1.0137,0,0,0,0,0,0,0,0,0
1.1628,0,1.0091,0,0,0,0,0,0,0,0,0
1.1564,0,1.0046,0,0,0,0,0,0,0,0,0
1.15,0,1,0,0,0,0,0,0,0,0,0
1.1473,0,1,0,0,0,0,0,0,0,0,0
1.1445,0,1,0,0,0,0,0,0,0,0,0
1.1418,0,1,0,0,0,0,0,0,0,0,0
1.139,0,1,0,0,0,0,0,0,0,0,0
1.1363,0,1,0,0,0,0,0,0,0,0,0
1.1335,0,1,0,0,0,0,0,0,0,0,0
1.1308,0,1,0,0,0,0,0,0,0,0,0
1.1281,0,1,0,0,0,0,0,0,0,0,0
1.1253,0,1,0,0,0,0,0,0,0,0,0
1.1226,0,1,0,0,0,0,0,0,0,0,0
1.1198,0,1,0,0,0,0,0,0,0,0,0
1.1171,0,1,0,0,0,0,0,0,0,0,0
1.1143,0,1,0,0,0,0,0,0,0,0,0
1.1116,0,1,0,0,0,0,0,0,0,0,0
1.1089,0,1,0,0,0,0,0,0,0,0,0
1.1061,0,1,0,0,0,0,0,0,0,0,0
1.1034,0,1,0,0,0,0,0,0,0,0,0
1.1006,0,1,0,0,0,0,0,0,0,0,0
1.0979,0,1,0,0,0,0,0,0,0,0,0
1.0951,0,1,0,0,0,0,0,0,0,0,0
1.0924,0,1,0,0,0,0,0,0,0,0,0
1.0897,0,1,0,0,0,0,0,0,0,0,0
1.0869,0,1,0,0,0,0,0,0,0,0,0
1.0842,0,1,0,0,0,0,0,0,0,0,0
1.0814,0,1,0,0,0,0,0,0,0,0,0
1.0787,0,1,0,0,0,0,0,0,0,0,0
1.0759,0,1,0,0,0,0,0,0,0,0,0
1.0732,0,1,0,0,0,0,0,0,0,0,0
1.0705,0,1,0,0,0,0,0,0,0,0,0
1.0677,0,1,0,0,0,0,0,0,0,0,0
1.065,0,1,0,0,0,0,0,0,0,0,0
1.0622,0,1,0,0,0,0,0,0,0,0,0
1.0595,0,1,0,0,0,0,0,0,0,0,0
1.0567,0,1,0,0,0,0,0,0,0,0,0
1.054,0,1,0,0,0,0,0,0,0,0,0
1.0513,0,1,0,0,0,0,0,0,0,0,0
1.0485,0,1,0,0,0,0,0,0,0,0,0
1.0458,0,1,0,0,0,0,0,0,0,0,0
1.043,0,1,0,0,0,0,0,0,0,0,0
1.0403,0,1,0,0,0,0,0,0,0,0,0
1.0375,0,1,0,0,0,0,0,0,0,0,0
1.0348,0,1,0,0,0,0,0,0,0,0,0
1.0321,0,1,0,0,0,0,0,0,0,0,0
1.0293,0,1,0,0,0,0,0,0,0,0,0
1.0266,0,1,0,0,0,0,0,0,0,0,0
1.0238,0,1,0,0,0,0,0,0,0,0,0
1.0211,0,1,0,0,0,0,0,0,0,0,0
1.0183,0,1,0,0,0,0,0,0,0,0,0
1.0156,0,1,0,0,0,0,0,0,0,0,0
1.0129,0,1,0,0,0,0,0,0,0,0,0
1.0101,0,1,0,0,0,0,0,0,0,0,0
1.0074,0,1,0,0,0,0,0,0,0,0,0
1.0046,0,1,0,0,0,0,0,0,0,0,0
1.0019,0,1,0,0,0,0,0,0,0,0,0
1,0,1,0,0,0,0,0,0,0,0,0
1,0,1,0,0,0,0,0,0,0,0,0
1,0,1,0,0,0,0,0,0,0,0,0
1,0,1,0,0,0,0,0,0,0,0,0
1,0,1,0,0,0,0,0,0,0,0,0
1,0,1,0,0,0,0,0,0,0,0,0
1,0,1,0,0,0,0,0,0,0,0,0
1,0,1,0,0,0,0,0,0,0,0,0
1,0,1,0,0,0,0,0,0,0,0,0
1,0,1,0,0,0,0,0,0,0,0,0
1,0,1,0,0,0,0,0,0,0,0,0
1,0,1,0,0,0,0,0,0,0,0,0
1,0,1,0,0,0,0,0,0,0,0,0
1,0,1,0,0,0,0,0,0,0,0,0
1,0,1,0,0,0,0,0,0,0,0,0
1,0,1,0,0,0,0,0,0,0,0,0
1,0,1,0,0,0,0,0,0,0,0,0
1,0,1,0,0,0,0,0,0,0,0,0
1,0,1,0,0,0,0,0,0,0,0,0
1,0,1,0,0,0,0,0,0,0,0,0
1,0,1,0,0,0,0,0,0,0,0,0
1,0,1,0,0,0,0,0,0,0,0,0
1,0,1,0,0,0,0,0,0,0,0,0
1,0,1,0,0,0,0,0,0,0,0,0
1,0,1,0,0,0,0,0,0,0,0,0
1,0,1,0,0,0,0,0,0,0,0,0
1,0,1,0,0,0,0,0,0,0,0,0
1,0,1,0,0,0,0,0,0,0,0,0
1,0,1,0,0,0,0,0,0,0,0,0
1,0,1,0,0,0,0,0,0,0,0,0
1,0,1,0,0,0,0,0,0,0,0,0
1,0,1,0,0,0,0,0,0,0,0,0
1,0,1,0,0,0,0,0,0,0,0,0
1,0,1,0,0,0,0,0,0,0,0,0
1,0,1,0,0,0,0,0,0,0,0,0
1,0,1,0,0,0,0,0,0,0,0,0
1,0,1,0,0,0,0,0,0,0,0,0
1,0,1,0,0,0,0,0,0,0,0,0
1,0,1,0,0,0,0,0,0,0,0,0
1,0,1,0,0,0,0,0,0,0,0,0
1,0,1,0,0,0,0,0,0,0,0,0
1,0,1,0,0,0,0,0,0,0,0,0
1,0,1,0,0,0,0,0,0,0,0,0
1,0,1,0,0,0,0,0,0,0,0,0
1,0,1,0,0,0,0,0,0,0,0,0
1,0,1,0,0,0,0,0,0,0,0,0
1,0,1,0,0,0,0,0,0,0,0,0
1,0,1,0,0,0,0,0,0,0,0,0
1,0,1,0,0,0,0,0,0,0,0,0
1,0,1,0,0,0,0,0,0,0,0,0
1,0,1,0,0,0,0,0,0,0,0,0
1,0,1,0,0,0,0,0,0,0,0,0
1,0,1,0,0,0,0,0,0,0,0,0
1,0,1,0,0,0,0,0,0,0,0,0
1,0,1,0,0,0,0,0,0,0,0,0
1,0,1.0057,0,0,0,0,0,0,0,0,0
1,0,1.0149,0,0,0,0,0,0,0,0,0
1,0,1.024,0,0,0,0,0,0,0,0,0
1,0,1.0331,0,0,0,0,0,0,0,0,0
1,0,1.0423,0,0,0,0,0,0,0,0,0
1,0,1.0514,0,0,0,0,0,0,0,0,0
1,0,1.0606,0,0,0,0,0,0,0,0,0
1,0,1.0697,0,0,0,0,0,0,0,0,0
1,0,1.0789,0,0,0,0,0,0,0,0,0
1,0,1.088,0,0,0,0,0,0,0,0,0
1,0,1.0971,0,0,0,0,0,0,0,0,0
1,0,1.1063,0,0,0,0,0,0,0,0,0
1,0,1.1154,0,0,0,0,0,0,0,0,0
1,0,1.1246,0,0,0,0,0,0,0,0,0
1,0,1.1337,0,0,0,0,0,0,0,0,0
1,0,1.1429,0,0,0,0,0,0,0,0,0
1,0,1.152,0,0,0,0,0,0,0,0,0
1,0,1.1611,0,0,0,0,0,0,0,0,0
1,0,1.1703,0,0,0,0,0,0,0,0,0
1,0,1.1794,0,0,0,0,0,0,0,0,0
1,0,1.1886,0,0,0,0,0,0,0,0,0
1,0,1.1977,0,0,0,0,0,0,0,0,0
1,0,1.2069,0,0,0,0,0,0,0,0,0
1,0,1.216,0,0,0,0,0,0,0,0,0
1,0,1.2251,0,0,0,0,0,0,0,0,0
1,0,1.2343,0,0,0,0,0,0,0,0,0
1,0,1.2434,0,0,0,0,0,0,0,0,0
1,0,1.2526,0,0,0,0,0,0,0,0,0
1,0,1.2617,0,0,0,0,0,0,0,0,0
1,0,1.2709,0,0,0,0,0,0,0,0,0
1,0,1.28,0,0,0,0,0,0,0,0,0
1,0,1.2891,0,0,0,0,0,0,0,0,0
1,0,1.2983,0,0,0,0,0,0,0,0,0
1,0,1.3074,0,0,0,0,0,0,0,0,0
1,0,1.3166,0,0,0,0,0,0,0,0,0
1,0,1.3257,0,0,0,0,0,0,0,0,0
1,0,1.3349,0,0,0,0,0,0,0,0,0
1,0,1.344,0,0,0,0,0,0,0,0,0
1,0,1.3531,0,0,0,0,0,0,0,0,0
1,0,1.3623,0,0,0,0,0,0,0,0,0
1,0,1.3714,0,0,0,0,0,0,0,0,0
1,0,1.3806,0,0,0,0,0,0,0,0,0
1,0,1.3897,0,0,0,0,0,0,0,0,0
1,0,1.3989,0,0,0,0,0,0,0,0,0
1,0,1.408,0,0,0,0,0,0,0,0,0
1,0,1.4171,0,0,0,0,0,0,0,0,0
1,0,1.4263,0,0,0,0,0,0,0,0,0
1,0,1.4354,0,0,0,0,0,0,0,0,0
1,0,1.4446,0,0,0,0,0,0,0,0,0
1,0,1.4537,0,0,0,0,0,0,0,0,0
1,0,1.4629,0,0,0,0,0,0,0,0,0
1,0,1.472,0,0,0,0,0,0,0,0,0
1,0,1.4811,0,0,0,0,0,0,0,0,0
1,0,1.4903,0,0,0,0,0,0,0,0,0
1,0,1.4994,0,0,0,0,0,0,0,0,0
0.994,0,1.5,0,0,0,0,0,0,0,0,0
0.9876,0,1.5,0,0,0,0,0,0,0,0,0
0.9812,0,1.5,0,0,0,0,0,0,0,0,0
0.9748,0,1.5,0,0,0,0,0,0,0,0,0
0.9684,0,1.5,0,0,0,0,0,0,0,0,0
0.962,0,1.5,0,0,0,0,0,0,0,0,0
0.9556,0,1.5,0,0,0,0,0,0,0,0,0
0.9492,0,1.5,0,0,0,0,0,0,0,0,0
0.9428,0,1.5,0,0,0,0,0,0,0,0,0
0.9364,0,1.5,0,0,0,0,0,0,0,0,0
0.93,0,1.5,0,0,0,0,0,0,0,0,0
0.9236,0,1.5,0,0,0,0,0,0,0,0,0
0.9172,0,1.5,0,0,0,0,0,0,0,0,0
0.9108,0,1.5,0,0,0,0,0,0,0,0,0
0.9044,0,1.5,0,0,0,0,0,0,0,0,0
0.898,0,1.5,0,0,0,0,0,0,0,0,0
0.8916,0,1.5,0,0,0,0,0,0,0,0,0
0.8852,0,1.5,0,0,0,0,0,0,0,0,0
0.8788,0,1.5,0,0,0,0,0,0,0,0,0
0.8724,0,1.5,0,0,0,0,0,0,0,0,0
0.866,0,1.5,0,0,0,0,0,0,0,0,0
0.8596,0,1.5,0,0,0,0,0,0,0,0,0
0.8532,0,1.5,0,0,0,0,0,0,0,0,0
0.8468,0,1.5,0,0,0,0,0,0,0,0,0
0.8404,0,1.5,0,0,0,0,0,0,0,0,0
0.834,0,1.5,0,0,0,0,0,0,0,0,0
0.8276,0,1.5,0,0,0,0,0,0,0,0,0
0.8212,0,1.5,0,0,0,0,0,0,0,0,0
0.8148,0,1.5,0,0,0,0,0,0,0,0,0
0.8084,0,1.5,0,0,0,0,0,0,0,0,0
0.802,0,1.5,0,0,0,0,0,0,0,0,0
0.7956,0,1.5,0,0,0,0,0,0,0,0,0
0.7892,0,1.5,0,0,0,0,0,0,0,0,0
0.7828,0,1.5,0,0,0,0,0,0,0,0,0
0.7764,0,1.5,0,0,0,0,0,0,0,0,0
0.77,0,1.5,0,0,0,0,0,0,0,0,0
0.7636,0,1.5,0,0,0,0,0,0,0,0,0
0.7572,0,1.5,0,0,0,0,0,0,0,0,0
0.7508,0,1.5,0,0,0,0,0,0,0,0,0
0.7444,0,1.5,0,0,0,0,0,0,0,0,0
0.738,0,1.5,0,0,0,0,0,0,0,0,0
0.7316,0,1.5,0,0,0,0,0,0,0,0,0
0.7252,0,1.5,0,0,0,0,0,0,0,0,0
0.7188,0,1.5,0,0,0,0,0,0,0,0,0
0.7124,0,1.5,0,0,0,0,0,0,0,0,0
0.706,0,1.5,0,0,0,0,0,0,0,0,0
0.6996,0,1.5,0,0,0,0,0,0,0,0,0
0.6932,0,1.5,0,0,0,0,0,0,0,0,0
0.6868,0,1.5,0,0,0,0,0,0,0,0,0
0.6804,0,1.5,0,0,0,0,0,0,0,0,0
0.674,0,1.5,0,0,0,0,0,0,0,0,0
0.6676,0,1.5,0,0,0,0,0,0,0,0,0
0.6612,0,1.5,0,0,0,0,0,0,0,0,0
0.6548,0,1.5,0,0,0,0,0,0,0,0,0
0.65,0,1.4977,0,0,0,0,0,0,0,0,0
0.65,0,1.4886,0,0,0,0,0,0,0,0,0
0.65,0,1.4794,0,0,0,0,0,0,0,0,0
0.65,0,1.4703,0,0,0,0,0,0,0,0,0
0.65,0,1.4611,0,0,0,0,0,0,0,0,0
0.65,0,1.452,0,0,0,0,0,0,0,0,0
0.65,0,1.4429,0,0,0,0,0,0,0,0,0
0.65,0,1.4337,0,0,0,0,0,0,0,0,0
0.65,0,1.4246,0,0,0,0,0,0,0,0,0
0.65,0,1.4154,0,0,0,0,0,0,0,0,0
0.65,0,1.4063,0,0,0,0,0,0,0,0,0
0.65,0,1.3971,0,0,0,0,0,0,0,0,0
0.65,0,1.388,0,0,0,0,0,0,0,0,0
0.65,0,1.3789,0,0,0,0,0,0,0,0,0
0.65,0,1.3697,0,0,0,0,0,0,0,0,0
0.65,0,1.3606,0,0,0,0,0,0,0,0,0
0.65,0,1.3514,0,0,0,0,0,0,0,0,0
0.65,0,1.3423,0,0,0,0,0,0,0,0,0
0.65,0,1.3331,0,0,0,0,0,0,0,0,0
0.65,0,1.324,0,0,0,0,0,0,0,0,0
0.65,0,1.3149,0,0,0,0,0,0,0,0,0
0.65,0,1.3057,0,0,0,0,0,0,0,0,0
0.65,0,1.2966,0,0,0,0,0,0,0,0,0
0.65,0,1.2874,0,0,0,0,0,0,0,0,0
0.65,0,1.2783,0,0,0,0,0,0,0,0,0
0.65,0,1.2691,0,0,0,0,0,0,0,0,0
0.65,0,1.26,0,0,0,0,0,0,0,0,0
0.65,0,1.2509,0,0,0,0,0,0,0,0,0
0.65,0,1.2417,0,0,0,0,0,0,0,0,0
0.65,0,1.2326,0,0,0,0,0,0,0,0,0
0.65,0,1.2234,0,0,0,0,0,0,0,0,0
0.65,0,1.2143,0,0,0,0,0,0,0,0,0
0.65,0,1.2051,0,0,0,0,0,0,0,0,0
0.65,0,1.196,0,0,0,0,0,0,0,0,0
0.65,0,1.1869,0,0,0,0,0,0,0,0,0
0.65,0,1.1777,0,0,0,0,0,0,0,0,0
0.65,0,1.1686,0,0,0,0,0,0,0,0,0
0.65,0,1.1594,0,0,0,0,0,0,0,0,0
0.65,0,1.1503,0,0,0,0,0,0,0,0,0
0.65,0,1.1411,0,0,0,0,0,0,0,0,0
0.65,0,1.132,0,0,0,0,0,0,0,0,0
0.65,0,1.1229,0,0,0,0,0,0,0,0,0
0.65,0,1.1137,0,0,0,0,0,0,0,0,0
0.65,0,1.1046,0,0,0,0,0,0,0,0,0
0.65,0,1.0954,0,0,0,0,0,0,0,0,0
0.65,0,1.0863,0,0,0,0,0,0,0,0,0
0.65,0,1.0771,0,0,0,0,0,0,0,0,0
0.65,0,1.068,0,0,0,0,0,0,0,0,0
0.65,0,1.0589,0,0,0,0,0,0,0,0,0
0.65,0,1.0497,0,0,0,0,0,0,0,0,0
0.65,0,1.0406,0,0,0,0,0,0,0,0,0
0.65,0,1.0314,0,0,0,0,0,0,0,0,0
0.65,0,1.0223,0,0,0,0,0,0,0,0,0
0.65,0,1.0131,0,0,0,0,0,0,0,0,0
0.65,0,1.004,0,0,0,0,0,0,0,0,0
0.6536,0,1,0,0,0,0,0,0,0,0,0
0.66,0,1,0,0,0,0,0,0,0,0,0
0.6664,0,1,0,0,0,0,0,0,0,0,0
0.6728,0,1,0,0,0,0,0,0,0,0,0
0.6792,0,1,0,0,0,0,0,0,0,0,0
0.6856,0,1,0,0,0,0,0,0,0,0,0
0.692,0,1,0,0,0,0,0,0,0,0,0
0.6984,0,1,0,0,0,0,0,0,0,0,0
0.7048,0,1,0,0,0,0,0,0,0,0,0
0.7112,0,1,0,0,0,0,0,0,0,0,0
0.7176,0,1,0,0,0,0,0,0,0,0,0
0.724,0,1,0,0,0,0,0,0,0,0,0
0.7304,0,1,0,0,0,0,0,0,0,0,0
0.7368,0,1,0,0,0,0,0,0,0,0,0
0.7432,0,1,0,0,0,0,0,0,0,0,0
0.7496,0,1,0,0,0,0,0,0,0,0,0
0.756,0,1,0,0,0,0,0,0,0,0,0
0.7624,0,1,0,0,0,0,0,0,0,0,0
0.7688,0,1,0,0,0,0,0,0,0,0,0
0.7752,0,1,0,0,0,0,0,0,0,0,0
0.7816,0,1,0,0,0,0,0,0,0,0,0
0.788,0,1,0,0,0,0,0,0,0,0,0
0.7944,0,1,0,0,0,0,0,0,0,0,0
0.8008,0,1,0,0,0,0,0,0,0,0,0
0.8072,0,1,0,0,0,0,0,0,0,0,0
0.8136,0,1,0,0,0,0,0,0,0,0,0
0.82,0,1,0,0,0,0,0,0,0,0,0
0.8264,0,1,0,0,0,0,0,0,0,0,0
0.8328,0,1,0,0,0,0,0,0,0,0,0
0.8392,0,1,0,0,0,0,0,0,0,0,0
0.8456,0,1,0,0,0,0,0,0,0,0,0
0.852,0,1,0,0,0,0,0,0,0,0,0
0.8584,0,1,0,0,0,0,0,0,0,0,0
0.8648,0,1,0,0,0,0,0,0,0,0,0
0.8712,0,1,0,0,0,0,0,0,0,0,0
0.8776,0,1,0,0,0,0,0,0,0,0,0
0.884,0,1,0,0,0,0,0,0,0,0,0
0.8904,0,1,0,0,0,0,0,0,0,0,0
0.8968,0,1,0,0,0,0,0,0,0,0,0
0.9032,0,1,0,0,0,0,0,0,0,0,0
0.9096,0,1,0,0,0,0,0,0,0,0,0
0.916,0,1,0,0,0,0,0,0,0,0,0
0.9224,0,1,0,0,0,0,0,0,0,0,0
0.9288,0,1,0,0,0,0,0,0,0,0,0
0.9352,0,1,0,0,0,0,0,0,0,0,0
0.9416,0,1,0,0,0,0,0,0,0,0,0
0.948,0,1,0,0,0,0,0,0,0,0,0
0.9544,0,1,0,0,0,0,0,0,0,0,0
0.9608,0,1,0,0,0,0,0,0,0,0,0
0.9672,0,1,0,0,0,0,0,0,0,0,0
0.9736,0,1,0,0,0,0,0,0,0,0,0
0.98,0,1,0,0,0,0,0,0,0,0,0
0.9864,0,1,0,0,0,0,0,0,0,0,0
0.9928,0,1,0,0,0,0,0,0,0,0,0
0.9992,0,1,0,0,0,0,0,0,0,0,0
0.992,0,1,0,0,0,0,0,0,0,0,0
0.98286,0,1,0,0,0,0,0,0,0,0,0
0.97371,0,1,0,0,0,0,0,0,0,0,0
0.96457,0,1,0,0,0,0,0,0,0,0,0
0.95543,0,1,0,0,0,0,0,0,0,0,0
0.94629,0,1,0,0,0,0,0,0,0,0,0
0.93714,0,1,0,0,0,0,0,0,0,0,0
0.928,0,1,0,0,0,0,0,0,0,0,0
0.91886,0,1,0,0,0,0,0,0,0,0,0
0.90971,0,1,0,0,0,0,0,0,0,0,0
0.90057,0,1,0,0,0,0,0,0,0,0,0
0.89143,0,1,0,0,0,0,0,0,0,0,0
0.88229,0,1,0,0,0,0,0,0,0,0,0
0.87314,0,1,0,0,0,0,0,0,0,0,0
0.864,0,1,0,0,0,0,0,0,0,0,0
0.85486,0,1,0,0,0,0,0,0,0,0,0
0.84571,0,1,0,0,0,0,0,0,0,0,0
0.83657,0,1,0,0,0,0,0,0,0,0,0
0.82743,0,1,0,0,0,0,0,0,0,0,0
0.81829,0,1,0,0,0,0,0,0,0,0,0
0.80914,0,1,0,0,0,0,0,0,0,0,0
0.8,0,1,0,0,0,0,0,0,0,0,0
0.79086,0,1,0,0,0,0,0,0,0,0,0
0.78171,0,1,0,0,0,0,0,0,0,0,0
0.77257,0,1,0,0,0,0,0,0,0,0,0
0.76343,0,1,0,0,0,0,0,0,0,0,0
0.75429,0,1,0,0,0,0,0,0,0,0,0
0.74514,0,1,0,0,0,0,0,0,0,0,0
0.736,0,1,0,0,0,0,0,0,0,0,0
0.72686,0,1,0,0,0,0,0,0,0,0,0
0.71771,0,1,0,0,0,0,0,0,0,0,0
0.70857,0,1,0,0,0,0,0,0,0,0,0
0.69943,0,1,0,0,0,0,0,0,0,0,0
0.69029,0,1,0,0,0,0,0,0,0,0,0
0.68114,0,1,0,0,0,0,0,0,0,0,0
0.672,0,1,0,0,0,0,0,0,0,0,0
0.66286,0,1,0,0,0,0,0,0,0,0,0
0.65371,0,1,0,0,0,0,0,0,0,0,0
0.64457,0,1,0,0,0,0,0,0,0,0,0
0.63543,0,1,0,0,0,0,0,0,0,0,0
0.62629,0,1,0,0,0,0,0,0,0,0,0
0.61714,0,1,0,0,0,0,0,0,0,0,0
0.608,0,1,0,0,0,0,0,0,0,0,0
0.59886,0,1,0,0,0,0,0,0,0,0,0
0.58971,0,1,0,0,0,0,0,0,0,0,0
0.58057,0,1,0,0,0,0,0,0,0,0,0
0.57143,0,1,0,0,0,0,0,0,0,0,0
0.56229,0,1,0,0,0,0,0,0,0,0,0
0.55314,0,1,0,0,0,0,0,0,0,0,0
0.544,0,1,0,0,0,0,0,0,0,0,0
0.53486,0,1,0,0,0,0,0,0,0,0,0
0.52571,0,1,0,0,0,0,0,0,0,0,0
0.51657,0,1,0,0,0,0,0,0,0,0,0
0.50743,0,1,0,0,0,0,0,0,0,0,0
0.5,0,1,0,0,0,0,0,0,0,0,0
0.5,0,1,0,0,0,0,0,0,0,0,0
0.5,0,1,0,0,0,0,0,0,0,0,0
0.5,0,1,0,0,0,0,0,0,0,0,0
0.5,0,1,0,0,0,0,0,0,0,0,0
0.5,0,1,0,0,0,0,0,0,0,0,0
0.5,0,1,0,0,0,0,0,0,0,0,0
0.5,0,1,0,0,0,0,0,0,0,0,0
0.5,0,1,0,0,0,0,0,0,0,0,0
0.5,0,1,0,0,0,0,0,0,0,0,0
0.5,0,1,0,0,0,0,0,0,0,0,0
0.5,0,1,0,0,0,0,0,0,0,0,0
0.5,0,1,0,0,0,0,0,0,0,0,0
0.5,0,1,0,0,0,0,0,0,0,0,0
0.5,0,1,0,0,0,0,0,0,0,0,0
0.5,0,1,0,0,0,0,0,0,0,0,0
0.5,0,1,0,0,0,0,0,0,0,0,0
0.5,0,1,0,0,0,0,0,0,0,0,0
0.5,0,1,0,0,0,0,0,0,0,0,0
0.5,0,1,0,0,0,0,0,0,0,0,0
0.5,0,1,0,0,0,0,0,0,0,0,0
0.5,0,1,0,0,0,0,0,0,0,0,0
0.5,0,1,0,0,0,0,0,0,0,0,0
0.5,0,1,0,0,0,0,0,0,0,0,0
0.5,0,1,0,0,0,0,0,0,0,0,0
0.5,0,1,0,0,0,0,0,0,0,0,0
0.5,0,1,0,0,0,0,0,0,0,0,0
0.5,0,1,0,0,0,0,0,0,0,0,0
0.5,0,1,0,0,0,0,0,0,0,0,0
0.5,0,1,0,0,0,0,0,0,0,0,0
0.5,0,1,0,0,0,0,0,0,0,0,0
0.5,0,1,0,0,0,0,0,0,0,0,0
0.5,0,1,0,0,0,0,0,0,0,0,0
0.5,0,1,0,0,0,0,0,0,0,0,0
0.5,0,1,0,0,0,0,0,0,0,0,0
0.5,0,1,0,0,0,0,0,0,0,0,0
0.5,0,1,0,0,0,0,0,0,0,0,0
0.5,0,1,0,0,0,0,0,0,0,0,0
0.5,0,1,0,0,0,0,0,0,0,0,0
0.5,0,1,0,0,0,0,0,0,0,0,0
0.5,0,1,0,0,0,0,0,0,0,0,0
0.5,0,1,0,0,0,0,0,0,0,0,0
0.5,0,1,0,0,0,0,0,0,0,0,0
0.5,0,1,0,0,0,0,0,0,0,0,0
0.5,0,1,0,0,0,0,0,0,0,0,0
0.5,0,1,0,0,0,0,0,0,0,0,0
0.5,0,1,0,0,0,0,0,0,0,0,0
0.5,0,1,0,0,0,0,0,0,0,0,0
0.5,0,1,0,0,0,0,0,0,0,0,0
0.5,0,1,0,0,0,0,0,0,0,0,0
0.5,0,1,0,0,0,0,0,0,0,0,0
0.5,0,1,0,0,0,0,0,0,0,0,0
0.5,0,1,0,0,0,0,0,0,0,0,0
0.5,0,1,0,0,0,0,0,0,0,0,0
0.5,0,1,0,0,0,0,0,0,0,0,0
0.5,0,1.0046,0,0,0,0,0,0,0,0,0
0.5,0,1.0137,0,0,0,0,0,0,0,0,0
0.5,0,1.0229,0,0,0,0,0,0,0,0,0
0.5,0,1.032,0,0,0,0,0,0,0,0,0
0.5,0,1.0411,0,0,0,0,0,0,0,0,0
0.5,0,1.0503,0,0,0,0,0,0,0,0,0
0.5,0,1.0594,0,0,0,0,0,0,0,0,0
0.5,0,1.0686,0,0,0,0,0,0,0,0,0
0.5,0,1.0777,0,0,0,0,0,0,0,0,0
0.5,0,1.0869,0,0,0,0,0,0,0,0,0
0.5,0,1.096,0,0,0,0,0,0,0,0,0
0.5,0,1.1051,0,0,0,0,0,0,0,0,0
0.5,0,1.1143,0,0,0,0,0,0,0,0,0
0.5,0,1.1234,0,0,0,0,0,0,0,0,0
0.5,0,1.1326,0,0,0,0,0,0,0,0,0
0.5,0,1.1417,0,0,0,0,0,0,0,0,0
0.5,0,1.1509,0,0,0,0,0,0,0,0,0
0.5,0,1.16,0,0,0,0,0,0,0,0,0
0.5,0,1.1691,0,0,0,0,0,0,0,0,0
0.5,0,1.1783,0,0,0,0,0,0,0,0,0
0.5,0,1.1874,0,0,0,0,0,0,0,0,0
0.5,0,1.1966,0,0,0,0,0,0,0,0,0
0.5,0,1.2057,0,0,0,0,0,0,0,0,0
0.5,0,1.2149,0,0,0,0,0,0,0,0,0
0.5,0,1.224,0,0,0,0,0,0,0,0,0
0.5,0,1.2331,0,0,0,0,0,0,0,0,0
0.5,0,1.2423,0,0,0,0,0,0,0,0,0
0.5,0,1.2514,0,0,0,0,0,0,0,0,0
0.5,0,1.2606,0,0,0,0,0,0,0,0,0
0.5,0,1.2697,0,0,0,0,0,0,0,0,0
0.5,0,1.2789,0,0,0,0,0,0,0,0,0
0.5,0,1.288,0,0,0,0,0,0,0,0,0
0.5,0,1.2971,0,0,0,0,0,0,0,0,0
0.5,0,1.3063,0,0,0,0,0,0,0,0,0
0.5,0,1.3154,0,0,0,0,0,0,0,0,0
0.5,0,1.3246,0,0,0,0,0,0,0,0,0
0.5,0,1.3337,0,0,0,0,0,0,0,0,0
0.5,0,1.3429,0,0,0,0,0,0,0,0,0
0.5,0,1.352,0,0,0,0,0,0,0,0,0
0.5,0,1.3611,0,0,0,0,0,0,0,0,0
0.5,0,1.3703,0,0,0,0,0,0,0,0,0
0.5,0,1.3794,0,0,0,0,0,0,0,0,0
0.5,0,1.3886,0,0,0,0,0,0,0,0,0
0.5,0,1.3977,0,0,0,0,0,0,0,0,0
0.5,0,1.4069,0,0,0,0,0,0,0,0,0
0.5,0,1.416,0,0,0,0,0,0,0,0,0
0.5,0,1.4251,0,0,0,0,0,0,0,0,0
0.5,0,1.4343,0,0,0,0,0,0,0,0,0
0.5,0,1.4434,0,0,0,0,0,0,0,0,0
0.5,0,1.4526,0,0,0,0,0,0,0,0,0
0.5,0,1.4617,0,0,0,0,0,0,0,0,0
0.5,0,1.4709,0,0,0,0,0,0,0,0,0
0.5,0,1.48,0,0,0,0,0,0,0,0,0
0.5,0,1.4891,0,0,0,0,0,0,0,0,0
0.5,0,1.4983,0,0,0,0,0,0,0,0,0
0.4948,0,1.4963,0,0,0,0,0,0,0,0,0
0.4884,0,1.4917,0,0,0,0,0,0,0,0,0
0.482,0,1.4871,0,0,0,0,0,0,0,0,0
0.4756,0,1.4826,0,0,0,0,0,0,0,0,0
0.4692,0,1.478,0,0,0,0,0,0,0,0,0
0.4628,0,1.4734,0,0,0,0,0,0,0,0,0
0.4564,0,1.4689,0,0,0,0,0,0,0,0,0
0.45,0,1.4643,0,0,0,0,0,0,0,0,0
0.4436,0,1.4597,0,0,0,0,0,0,0,0,0
0.4372,0,1.4551,0,0,0,0,0,0,0,0,0
0.4308,0,1.4506,0,0,0,0,0,0,0,0,0
0.4244,0,1.446,0,0,0,0,0,0,0,0,0
0.418,0,1.4414,0,0,0,0,0,0,0,0,0
0.4116,0,1.4369,0,0,0,0,0,0,0,0,0
0.4052,0,1.4323,0,0,0,0,0,0,0,0,0
0.3988,0,1.4277,0,0,0,0,0,0,0,0,0
0.3924,0,1.4231,0,0,0,0,0,0,0,0,0
0.386,0,1.4186,0,0,0,0,0,0,0,0,0
0.3796,0,1.414,0,0,0,0,0,0,0,0,0
0.3732,0,1.4094,0,0,0,0,0,0,0,0,0
0.3668,0,1.4049,0,0,0,0,0,0,0,0,0
0.3604,0,1.4003,0,0,0,0,0,0,0,0,0
0.354,0,1.3957,0,0,0,0,0,0,0,0,0
0.3476,0,1.3911,0,0,0,0,0,0,0,0,0
0.3412,0,1.3866,0,0,0,0,0,0,0,0,0
0.3348,0,1.382,0,0,0,0,0,0,0,0,0
0.3284,0,1.3774,0,0,0,0,0,0,0,0,0
0.322,0,1.3729,0,0,0,0,0,0,0,0,0
0.3156,0,1.3683,0,0,0,0,0,0,0,0,0
0.3092,0,1.3637,0,0,0,0,0,0,0,0,0
0.3028,0,1.3591,0,0,0,0,0,0,0,0,0
0.2964,0,1.3546,0,0,0,0,0,0,0,0,0
0.29,0,1.35,0,0,0,0,0,0,0,0,0
0.2836,0,1.3454,0,0,0,0,0,0,0,0,0
0.2772,0,1.3409,0,0,0,0,0,0,0,0,0
0.2708,0,1.3363,0,0,0,0,0,0,0,0,0
0.2644,0,1.3317,0,0,0,0,0,0,0,0,0
0.258,0,1.3271,0,0,0,0,0,0,0,0,0
0.2516,0,1.3226,0,0,0,0,0,0,0,0,0
0.2452,0,1.318,0,0,0,0,0,0,0,0,0
0.2388,0,1.3134,0,0,0,0,0,0,0,0,0
0.2324,0,1.3089,0,0,0,0,0,0,0,0,0
0.226,0,1.3043,0,0,0,0,0,0,0,0,0
0.2196,0,1.2997,0,0,0,0,0,0,0,0,0
0.2132,0,1.2951,0,0,0,0,0,0,0,0,0
0.2068,0,1.2906,0,0,0,0,0,0,0,0,0
0.2004,0,1.286,0,0,0,0,0,0,0,0,0
0.194,0,1.2814,0,0,0,0,0,0,0,0,0
0.1876,0,1.2769,0,0,0,0,0,0,0,0,0
0.1812,0,1.2723,0,0,0,0,0,0,0,0,0
0.1748,0,1.2677,0,0,0,0,0,0,0,0,0
0.1684,0,1.2631,0,0,0,0,0,0,0,0,0
0.162,0,1.2586,0,0,0,0,0,0,0,0,0
0.1556,0,1.254,0,0,0,0,0,0,0,0,0
0.1508,0,1.2494,0,0,0,0,0,0,0,0,0
0.1572,0,1.2449,0,0,0,0,0,0,0,0,0
0.1636,0,1.2403,0,0,0,0,0,0,0,0,0
0.17,0,1.2357,0,0,0,0,0,0,0,0,0
0.1764,0,1.2311,0,0,0,0,0,0,0,0,0
0.1828,0,1.2266,0,0,0,0,0,0,0,0,0
0.1892,0,1.222,0,0,0,0,0,0,0,0,0
0.1956,0,1.2174,0,0,0,0,0,0,0,0,0
0.202,0,1.2129,0,0,0,0,0,0,0,0,0
0.2084,0,1.2083,0,0,0,0,0,0,0,0,0
0.2148,0,1.2037,0,0,0,0,0,0,0,0,0
0.2212,0,1.1991,0,0,0,0,0,0,0,0,0
0.2276,0,1.1946,0,0,0,0,0,0,0,0,0
0.234,0,1.19,0,0,0,0,0,0,0,0,0
0.2404,0,1.1854,0,0,0,0,0,0,0,0,0
0.2468,0,1.1809,0,0,0,0,0,0,0,0,0
0.2532,0,1.1763,0,0,0,0,0,0,0,0,0
0.2596,0,1.1717,0,0,0,0,0,0,0,0,0
0.266,0,1.1671,0,0,0,0,0,0,0,0,0
0.2724,0,1.1626,0,0,0,0,0,0,0,0,0
0.2788,0,1.158,0,0,0,0,0,0,0,0,0
0.2852,0,1.1534,0,0,0,0,0,0,0,0,0
0.2916,0,1.1489,0,0,0,0,0,0,0,0,0
0.298,0,1.1443,0,0,0,0,0,0,0,0,0
0.3044,0,1.1397,0,0,0,0,0,0,0,0,0
0.3108,0,1.1351,0,0,0,0,0,0,0,0,0
0.3172,0,1.1306,0,0,0,0,0,0,0,0,0
0.3236,0,1.126,0,0,0,0,0,0,0,0,0
0.33,0,1.1214,0,0,0,0,0,0,0,0,0
0.3364,0,1.1169,0,0,0,0,0,0,0,0,0
0.3428,0,1.1123,0,0,0,0,0,0,0,0,0
0.3492,0,1.1077,0,0,0,0,0,0,0,0,0
0.3556,0,1.1031,0,0,0,0,0,0,0,0,0
0.362,0,1.0986,0,0,0,0,0,0,0,0,0
0.3684,0,1.094,0,0,0,0,0,0,0,0,0
0.3748,0,1.0894,0,0,0,0,0,0,0,0,0
0.3812,0,1.0849,0,0,0,0,0,0,0,0,0
0.3876,0,1.0803,0,0,0,0,0,0,0,0,0
0.394,0,1.0757,0,0,0,0,0,0,0,0,0
0.4004,0,1.0711,0,0,0,0,0,0,0,0,0
0.4068,0,1.0666,0,0,0,0,0,0,0,0,0
0.4132,0,1.062,0,0,0,0,0,0,0,0,0
0.4196,0,1.0574,0,0,0,0,0,0,0,0,0
0.426,0,1.0529,0,0,0,0,0,0,0,0,0
0.4324,0,1.0483,0,0,0,0,0,0,0,0,0
0.4388,0,1.0437,0,0,0,0,0,0,0,0,0
0.4452,0,1.0391,0,0,0,0,0,0,0,0,0
0.4516,0,1.0346,0,0,0,0,0,0,0,0,0
0.458,0,1.03,0,0,0,0,0,0,0,0,0
0.4644,0,1.0254,0,0,0,0,0,0,0,0,0
0.4708,0,1.0209,0,0,0,0,0,0,0,0,0
0.4772,0,1.0163,0,0,0,0,0,0,0,0,0
0.4836,0,1.0117,0,0,0,0,0,0,0,0,0
0.49,0,1.0071,0,0,0,0,0,0,0,0,0
0.4964,0,1.0026,0,0,0,0,0,0,0,0,0
0.496,0,1,0,0,0,0,0,0,0,0,0
0.48686,0,1,0,0,0,0,0,0,0,0,0
0.47771,0,1,0,0,0,0,0,0,0,0,0
0.46857,0,1,0,0,0,0,0,0,0,0,0
0.45943,0,1,0,0,0,0,0,0,0,0,0
0.45029,0,1,0,0,0,0,0,0,0,0,0
0.44114,0,1,0,0,0,0,0,0,0,0,0
0.432,0,1,0,0,0,0,0,0,0,0,0
0.42286,0,1,0,0,0,0,0,0,0,0,0
0.41371,0,1,0,0,0,0,0,0,0,0,0
0.40457,0,1,0,0,0,0,0,0,0,0,0
0.39543,0,1,0,0,0,0,0,0,0,0,0
0.38629,0,1,0,0,0,0,0,0,0,0,0
0.37714,0,1,0,0,0,0,0,0,0,0,0
0.368,0,1,0,0,0,0,0,0,0,0,0
0.35886,0,1,0,0,0,0,0,0,0,0,0
0.34971,0,1,0,0,0,0,0,0,0,0,0
0.34057,0,1,0,0,0,0,0,0,0,0,0
0.33143,0,1,0,0,0,0,0,0,0,0,0
0.32229,0,1,0,0,0,0,0,0,0,0,0
0.31314,0,1,0,0,0,0,0,0,0,0,0
0.304,0,1,0,0,0,0,0,0,0,0,0
0.29486,0,1,0,0,0,0,0,0,0,0,0
0.28571,0,1,0,0,0,0,0,0,0,0,0
0.27657,0,1,0,0,0,0,0,0,0,0,0
0.26743,0,1,0,0,0,0,0,0,0,0,0
0.25829,0,1,0,0,0,0,0,0,0,0,0
0.24914,0,1,0,0,0,0,0,0,0,0,0
0.24,0,1,0,0,0,0,0,0,0,0,0
0.23086,0,1,0,0,0,0,0,0,0,0,0
0.22171,0,1,0,0,0,0,0,0,0,0,0
0.21257,0,1,0,0,0,0,0,0,0,0,0
0.20343,0,1,0,0,0,0,0,0,0,0,0
0.19429,0,1,0,0,0,0,0,0,0,0,0
0.18514,0,1,0,0,0,0,0,0,0,0,0
0.176,0,1,0,0,0,0,0,0,0,0,0
0.16686,0,1,0,0,0,0,0,0,0,0,0
0.15771,0,1,0,0,0,0,0,0,0,0,0
0.14857,0,1,0,0,0,0,0,0,0,0,0
0.13943,0,1,0,0,0,0,0,0,0,0,0
0.13029,0,1,0,0,0,0,0,0,0,0,0
0.12114,0,1,0,0,0,0,0,0,0,0,0
0.112,0,1,0,0,0,0,0,0,0,0,0
0.10286,0,1,0,0,0,0,0,0,0,0,0
0.093714,0,1,0,0,0,0,0,0,0,0,0
0.084571,0,1,0,0,0,0,0,0,0,0,0
0.075429,0,1,0,0,0,0,0,0,0,0,0
0.066286,0,1,0,0,0,0,0,0,0,0,0
0.057143,0,1,0,0,0,0,0,0,0,0,0
0.048,0,1,0,0,0,0,0,0,0,0,0
0.038857,0,1,0,0,0,0,0,0,0,0,0
0.029714,0,1,0,0,0,0,0,0,0,0,0
0.020571,0,1,0,0,0,0,0,0,0,0,0
0.011429,0,1,0,0,0,0,0,0,0,0,0
0.0022857,0,1,0,0,0,0,0,0,0,0,0
0,0,0.99657,0,0,0,0,0,0,0,0,0
0,0,0.992,0,0,0,0,0,0,0,0,0
0,0,0.98743,0,0,0,0,0,0,0,0,0
0,0,0.98286,0,0,0,0,0,0,0,0,0
0,0,0.97829,0,0,0,0,0,0,0,0,0
0,0,0.97371,0,0,0,0,0,0,0,0,0
0,0,0.96914,0,0,0,0,0,0,0,0,0
0,0,0.96457,0,0,0,0,0,0,0,0,0
0,0,0.96,0,0,0,0,0,0,0,0,0
0,0,0.95543,0,0,0,0,0,0,0,0,0
0,0,0.95086,0,0,0,0,0,0,0,0,0
0,0,0.94629,0,0,0,0,0,0,0,0,0
0,0,0.94171,0,0,0,0,0,0,0,0,0
0,0,0.93714,0,0,0,0,0,0,0,0,0
0,0,0.93257,0,0,0,0,0,0,0,0,0
0,0,0.928,0,0,0,0,0,0,0,0,0
0,0,0.92343,0,0,0,0,0,0,0,0,0
0,0,0.91886,0,0,0,0,0,0,0,0,0
0,0,0.91429,0,0,0,0,0,0,0,0,0
0,0,0.90971,0,0,0,0,0,0,0,0,0
0,0,0.90514,0,0,0,0,0,0,0,0,0
0,0,0.90057,0,0,0,0,0,0,0,0,0
0,0,0.896,0,0,0,0,0,0,0,0,0
0,0,0.89143,0,0,0,0,0,0,0,0,0
0,0,0.88686,0,0,0,0,0,0,0,0,0
0,0,0.88229,0,0,0,0,0,0,0,0,0
0,0,0.87771,0,0,0,0,0,0,0,0,0
0,0,0.87314,0,0,0,0,0,0,0,0,0
0,0,0.86857,0,0,0,0,0,0,0,0,0
0,0,0.864,0,0,0,0,0,0,0,0,0
0,0,0.85943,0,0,0,0,0,0,0,0,0
0,0,0.85486,0,0,0,0,0,0,0,0,0
0,0,0.85029,0,0,0,0,0,0,0,0,0
0,0,0.84571,0,0,0,0,0,0,0,0,0
0,0,0.84114,0,0,0,0,0,0,0,0,0
0,0,0.83657,0,0,0,0,0,0,0,0,0
0,0,0.832,0,0,0,0,0,0,0,0,0
0,0,0.82743,0,0,0,0,0,0,0,0,0
0,0,0.82286,0,0,0,0,0,0,0,0,0
0,0,0.81829,0,0,0,0,0,0,0,0,0
0,0,0.81371,0,0,0,0,0,0,0,0,0
0,0,0.80914,0,0,0,0,0,0,0,0,0
0,0,0.80457,0,0,0,0,0,0,0,0,0
0,0,0.8,0,0,0,0,0,0,0,0,0
0,0,0.79543,0,0,0,0,0,0,0,0,0
0,0,0.79086,0,0,0,0,0,0,0,0,0
0,0,0.78629,0,0,0,0,0,0,0,0,0
0,0,0.78171,0,0,0,0,0,0,0,0,0
0,0,0.77714,0,0,0,0,0,0,0,0,0
0,0,0.77257,0,0,0,0,0,0,0,0,0
0,0,0.768,0,0,0,0,0,0,0,0,0
0,0,0.76343,0,0,0,0,0,0,0,0,0
0,0,0.75886,0,0,0,0,0,0,0,0,0
0,0,0.75429,0,0,0,0,0,0,0,0,0
0,0,0.74971,0,0,0,0,0,0,0,0,0
0,0,0.74514,0,0,0,0,0,0,0,0,0
0,0,0.74057,0,0,0,0,0,0,0,0,0
0,0,0.736,0,0,0,0,0,0,0,0,0
0,0,0.73143,0,0,0,0,0,0,0,0,0
0,0,0.72686,0,0,0,0,0,0,0,0,0
0,0,0.72229,0,0,0,0,0,0,0,0,0
0,0,0.71771,0,0,0,0,0,0,0,0,0
0,0,0.71314,0,0,0,0,0,0,0,0,0
0,0,0.70857,0,0,0,0,0,0,0,0,0
0,0,0.704,0,0,0,0,0,0,0,0,0
0,0,0.69943,0,0,0,0,0,0,0,0,0
0,0,0.69486,0,0,0,0,0,0,0,0,0
0,0,0.69029,0,0,0,0,0,0,0,0,0
0,0,0.68571,0,0,0,0,0,0,0,0,0
0,0,0.68114,0,0,0,0,0,0,0,0,0
0,0,0.67657,0,0,0,0,0,0,0,0,0
0,0,0.672,0,0,0,0,0,0,0,0,0
0,0,0.66743,0,0,0,0,0,0,0,0,0
0,0,0.66286,0,0,0,0,0,0,0,0,0
0,0,0.65829,0,0,0,0,0,0,0,0,0
0,0,0.65371,0,0,0,0,0,0,0,0,0
0,0,0.64914,0,0,0,0,0,0,0,0,0
0,0,0.64457,0,0,0,0,0,0,0,0,0
0,0,0.64,0,0,0,0,0,0,0,0,0
0,0,0.63543,0,0,0,0,0,0,0,0,0
0,0,0.63086,0,0,0,0,0,0,0,0,0
0,0,0.62629,0,0,0,0,0,0,0,0,0
0,0,0.62171,0,0,0,0,0,0,0,0,0
0,0,0.61714,0,0,0,0,0,0,0,0,0
0,0,0.61257,0,0,0,0,0,0,0,0,0
0,0,0.608,0,0,0,0,0,0,0,0,0
0,0,0.60343,0,0,0,0,0,0,0,0,0
0,0,0.59886,0,0,0,0,0,0,0,0,0
0,0,0.59429,0,0,0,0,0,0,0,0,0
0,0,0.58971,0,0,0,0,0,0,0,0,0
0,0,0.58514,0,0,0,0,0,0,0,0,0
0,0,0.58057,0,0,0,0,0,0,0,0,0
0,0,0.576,0,0,0,0,0,0,0,0,0
0,0,0.57143,0,0,0,0,0,0,0,0,0
0,0,0.56686,0,0,0,0,0,0,0,0,0
0,0,0.56229,0,0,0,0,0,0,0,0,0
0,0,0.55771,0,0,0,0,0,0,0,0,0
0,0,0.55314,0,0,0,0,0,0,0,0,0
0,0,0.54857,0,0,0,0,0,0,0,0,0
0,0,0.544,0,0,0,0,0,0,0,0,0
0,0,0.53943,0,0,0,0,0,0,0,0,0
0,0,0.53486,0,0,0,0,0,0,0,0,0
0,0,0.53029,0,0,0,0,0,0,0,0,0
0,0,0.52571,0,0,0,0,0,0,0,0,0
0,0,0.52114,0,0,0,0,0,0,0,0,0
0,0,0.51657,0,0,0,0,0,0,0,0,0
0,0,0.512,0,0,0,0,0,0,0,0,0
0,0,0.50743,0,0,0,0,0,0,0,0,0
0,0,0.50286,0,0,0,0,0,0,0,0,0
0,0,0.49829,0,0,0,0,0,0,0,0,0
0,0,0.49371,0,0,0,0,0,0,0,0,0
0,0,0.48914,0,0,0,0,0,0,0,0,0
0,0,0.48457,0,0,0,0,0,0,0,0,0
0,0,0.48,0,0,0,0,0,0,0,0,0
0,0,0.47543,0,0,0,0,0,0,0,0,0
0,0,0.47086,0,0,0,0,0,0,0,0,0
0,0,0.46629,0,0,0,0,0,0,0,0,0
0,0,0.46171,0,0,0,0,0,0,0,0,0
0,0,0.45714,0,0,0,0,0,0,0,0,0
0,0,0.45257,0,0,0,0,0,0,0,0,0
0,0,0.448,0,0,0,0,0,0,0,0,0
0,0,0.44343,0,0,0,0,0,0,0,0,0
0,0,0.43886,0,0,0,0,0,0,0,0,0
0,0,0.43429,0,0,0,0,0,0,0,0,0
0,0,0.42971,0,0,0,0,0,0,0,0,0
0,0,0.42514,0,0,0,0,0,0,0,0,0
0,0,0.42057,0,0,0,0,0,0,0,0,0
0,0,0.416,0,0,0,0,0,0,0,0,0
0,0,0.41143,0,0,0,0,0,0,0,0,0
0,0,0.40686,0,0,0,0,0,0,0,0,0
0,0,0.40229,0,0,0,0,0,0,0,0,0
0,0,0.39771,0,0,0,0,0,0,0,0,0
0,0,0.39314,0,0,0,0,0,0,0,0,0
0,0,0.38857,0,0,0,0,0,0,0,0,0
0,0,0.384,0,0,0,0,0,0,0,0,0
0,0,0.37943,0,0,0,0,0,0,0,0,0
0,0,0.37486,0,0,0,0,0,0,0,0,0
0,0,0.37029,0,0,0,0,0,0,0,0,0
0,0,0.36571,0,0,0,0,0,0,0,0,0
0,0,0.36114,0,0,0,0,0,0,0,0,0
0,0,0.35657,0,0,0,0,0,0,0,0,0
0,0,0.352,0,0,0,0,0,0,0,0,0
0,0,0.34743,0,0,0,0,0,0,0,0,0
0,0,0.34286,0,0,0,0,0,0,0,0,0
0,0,0.33829,0,0,0,0,0,0,0,0,0
0,0,0.33371,0,0,0,0,0,0,0,0,0
0,0,0.32914,0,0,0,0,0,0,0,0,0
0,0,0.32457,0,0,0,0,0,0,0,0,0
0,0,0.32,0,0,0,0,0,0,0,0,0
0,0,0.31543,0,0,0,0,0,0,0,0,0
0,0,0.31086,0,0,0,0,0,0,0,0,0
0,0,0.30629,0,0,0,0,0,0,0,0,0
0,0,0.30171,0,0,0,0,0,0,0,0,0
0,0,0.29714,0,0,0,0,0,0,0,0,0
0,0,0.29257,0,0,0,0,0,0,0,0,0
0,0,0.288,0,0,0,0,0,0,0,0,0
0,0,0.28343,0,0,0,0,0,0,0,0,0
0,0,0.27886,0,0,0,0,0,0,0,0,0
0,0,0.27429,0,0,0,0,0,0,0,0,0
0,0,0.26971,0,0,0,0,0,0,0,0,0
0,0,0.26514,0,0,0,0,0,0,0,0,0
0,0,0.26057,0,0,0,0,0,0,0,0,0
0,0,0.256,0,0,0,0,0,0,0,0,0
0,0,0.25143,0,0,0,0,0,0,0,0,0
0,0,0.24686,0,0,0,0,0,0,0,0,0
0,0,0.24229,0,0,0,0,0,0,0,0,0
0,0,0.23771,0,0,0,0,0,0,0,0,0
0,0,0.23314,0,0,0,0,0,0,0,0,0
0,0,0.22857,0,0,0,0,0,0,0,0,0
0,0,0.224,0,0,0,0,0,0,0,0,0
0,0,0.21943,0,0,0,0,0,0,0,0,0
0,0,0.21486,0,0,0,0,0,0,0,0,0
0,0,0.21029,0,0,0,0,0,0,0,0,0
0,0,0.20571,0,0,0,0,0,0,0,0,0
0,0,0.20114,0,0,0,0,0,0,0,0,0
0,0,0.19657,0,0,0,0,0,0,0,0,0
0,0,0.192,0,0,0,0,0,0,0,0,0
0,0,0.18743,0,0,0,0,0,0,0,0,0
0,0,0.18286,0,0,0,0,0,0,0,0,0
0,0,0.17829,0,0,0,0,0,0,0,0,0
0,0,0.17371,0,0,0,0,0,0,0,0,0
0,0,0.16914,0,0,0,0,0,0,0,0,0
0,0,0.16457,0,0,0,0,0,0,0,0,0
0,0,0.16,0,0,0,0,0,0,0,0,0
0,0,0.15543,0,0,0,0,0,0,0,0,0
0,0,0.15086,0,0,0,0,0,0,0,0,0
0,0,0.14629,0,0,0,0,0,0,0,0,0
0,0,0.14171,0,0,0,0,0,0,0,0,0
0,0,0.13714,0,0,0,0,0,0,0,0,0
0,0,0.13257,0,0,0,0,0,0,0,0,0
0,0,0.128,0,0,0,0,0,0,0,0,0
0,0,0.12343,0,0,0,0,0,0,0,0,0
0,0,0.11886,0,0,0,0,0,0,0,0,0
0,0,0.11429,0,0,0,0,0,0,0,0,0
0,0,0.10971,0,0,0,0,0,0,0,0,0
0,0,0.10514,0,0,0,0,0,0,0,0,0
0,0,0.10057,0,0,0,0,0,0,0,0,0
0,0,0.096,0,0,0,0,0,0,0,0,0
0,0,0.091429,0,0,0,0,0,0,0,0,0
0,0,0.086857,0,0,0,0,0,0,0,0,0
0,0,0.082286,0,0,0,0,0,0,0,0,0
0,0,0.077714,0,0,0,0,0,0,0,0,0
0,0,0.073143,0,0,0,0,0,0,0,0,0
0,0,0.068571,0,0,0,0,0,0,0,0,0
0,0,0.064,0,0,0,0,0,0,0,0,0
0,0,0.059429,0,0,0,0,0,0,0,0,0
0,0,0.054857,0,0,0,0,0,0,0,0,0
0,0,0.050286,0,0,0,0,0,0,0,0,0
0,0,0.045714,0,0,0,0,0,0,0,0,0
0,0,0.041143,0,0,0,0,0,0,0,0,0
0,0,0.036571,0,0,0,0,0,0,0,0,0
0,0,0.032,0,0,0,0,0,0,0,0,0
0,0,0.027429,0,0,0,0,0,0,0,0,0
0,0,0.022857,0,0,0,0,0,0,0,0,0
0,0,0.018286,0,0,0,0,0,0,0,0,0
0,0,0.013714,0,0,0,0,0,0,0,0,0
0,0,0.0091429,0,0,0,0,0,0,0,0,0
0,0,0.0045714,0,0,0,0,0,0,0,0,0
0,0,0,0,0,0,0,0,0,0,0,0
